"x","y","group","distance","dif_x","dif_y","p_x","p_y"
623,459,"blue","8.06225774829855","-39.8961038961039","4.97695852534562","631","458"
623,459,"blue","8.06225774829855","-39.8961038961039","4.97695852534562","631","458"
640,466,"blue","12.0415945787923","44.8831168831169","39.815668202765","631","458"
640,466,"blue","12.0415945787923","44.8831168831169","39.815668202765","631","458"
640,466,"blue","12.0415945787923","44.8831168831169","39.815668202765","631","458"
640,466,"blue","12.0415945787923","44.8831168831169","39.815668202765","631","458"
629,459,"blue","2.23606797749979","-9.97402597402597","4.97695852534562","631","458"
640,452,"blue","10.816653826392","44.8831168831169","-29.8617511520737","631","458"
640,452,"blue","10.816653826392","44.8831168831169","-29.8617511520737","631","458"
646,459,"blue","15.0332963783729","74.8051948051948","4.97695852534562","631","458"
629,452,"blue","6.32455532033676","-9.97402597402597","-29.8617511520737","631","458"
628,445,"blue","13.3416640641263","-14.961038961039","-64.7004608294931","631","458"
652,466,"blue","22.4722050542442","104.727272727273","39.815668202765","631","458"
628,445,"blue","13.3416640641263","-14.961038961039","-64.7004608294931","631","458"
651,452,"blue","20.8806130178211","99.7402597402597","-29.8617511520737","631","458"
628,445,"blue","13.3416640641263","-14.961038961039","-64.7004608294931","631","458"
640,452,"blue","10.816653826392","44.8831168831169","-29.8617511520737","631","458"
628,445,"blue","13.3416640641263","-14.961038961039","-64.7004608294931","631","458"
628,445,"blue","13.3416640641263","-14.961038961039","-64.7004608294931","631","458"
651,445,"blue","23.8537208837531","99.7402597402597","-64.7004608294931","631","458"
651,445,"blue","23.8537208837531","99.7402597402597","-64.7004608294931","631","458"
640,445,"blue","15.8113883008419","44.8831168831169","-64.7004608294931","631","458"
652,466,"blue","22.4722050542442","104.727272727273","39.815668202765","631","458"
651,452,"blue","20.8806130178211","99.7402597402597","-29.8617511520737","631","458"
640,459,"blue","9.05538513813742","44.8831168831169","4.97695852534562","631","458"
651,445,"blue","23.8537208837531","99.7402597402597","-64.7004608294931","631","458"
651,445,"blue","23.8537208837531","99.7402597402597","-64.7004608294931","631","458"
651,445,"blue","23.8537208837531","99.7402597402597","-64.7004608294931","631","458"
623,445,"blue","15.2643375224737","-39.8961038961039","-64.7004608294931","631","458"
641,479,"blue","23.259406699226","49.8701298701299","104.516129032258","631","458"
629,452,"blue","6.32455532033676","-9.97402597402597","-29.8617511520737","631","458"
648,402,"brown","55.2177507691141","224.415584415584","-159.26267281106","603","434"
684,416,"red","23.7697286480094","-29.9220779220779","-114.470046082949","690","439"
651,445,"blue","23.8537208837531","99.7402597402597","-64.7004608294931","631","458"
634,445,"blue","13.3416640641263","14.961038961039","-64.7004608294931","631","458"
653,472,"blue","26.0768096208106","109.714285714286","69.6774193548387","631","458"
651,445,"blue","23.8537208837531","99.7402597402597","-64.7004608294931","631","458"
629,452,"blue","6.32455532033676","-9.97402597402597","-29.8617511520737","631","458"
640,452,"blue","10.816653826392","44.8831168831169","-29.8617511520737","631","458"
640,445,"blue","15.8113883008419","44.8831168831169","-64.7004608294931","631","458"
645,445,"blue","19.1049731745428","69.8181818181818","-64.7004608294931","631","458"
646,459,"blue","15.0332963783729","74.8051948051948","4.97695852534562","631","458"
651,445,"blue","23.8537208837531","99.7402597402597","-64.7004608294931","631","458"
640,445,"blue","15.8113883008419","44.8831168831169","-64.7004608294931","631","458"
628,445,"blue","13.3416640641263","-14.961038961039","-64.7004608294931","631","458"
628,445,"blue","13.3416640641263","-14.961038961039","-64.7004608294931","631","458"
628,445,"blue","13.3416640641263","-14.961038961039","-64.7004608294931","631","458"
640,445,"blue","15.8113883008419","44.8831168831169","-64.7004608294931","631","458"
640,452,"blue","10.816653826392","44.8831168831169","-29.8617511520737","631","458"
640,459,"blue","9.05538513813742","44.8831168831169","4.97695852534562","631","458"
651,452,"blue","20.8806130178211","99.7402597402597","-29.8617511520737","631","458"
652,466,"blue","22.4722050542442","104.727272727273","39.815668202765","631","458"
640,445,"blue","15.8113883008419","44.8831168831169","-64.7004608294931","631","458"
651,445,"blue","23.8537208837531","99.7402597402597","-64.7004608294931","631","458"
640,459,"blue","9.05538513813742","44.8831168831169","4.97695852534562","631","458"
640,459,"blue","9.05538513813742","44.8831168831169","4.97695852534562","631","458"
640,459,"blue","9.05538513813742","44.8831168831169","4.97695852534562","631","458"
646,459,"blue","15.0332963783729","74.8051948051948","4.97695852534562","631","458"
640,459,"blue","9.05538513813742","44.8831168831169","4.97695852534562","631","458"
623,445,"blue","15.2643375224737","-39.8961038961039","-64.7004608294931","631","458"
640,459,"blue","9.05538513813742","44.8831168831169","4.97695852534562","631","458"
628,445,"blue","13.3416640641263","-14.961038961039","-64.7004608294931","631","458"
623,459,"blue","8.06225774829855","-39.8961038961039","4.97695852534562","631","458"
640,459,"blue","9.05538513813742","44.8831168831169","4.97695852534562","631","458"
640,452,"blue","10.816653826392","44.8831168831169","-29.8617511520737","631","458"
640,452,"blue","10.816653826392","44.8831168831169","-29.8617511520737","631","458"
623,459,"blue","8.06225774829855","-39.8961038961039","4.97695852534562","631","458"
640,452,"blue","10.816653826392","44.8831168831169","-29.8617511520737","631","458"
652,466,"blue","22.4722050542442","104.727272727273","39.815668202765","631","458"
640,452,"blue","10.816653826392","44.8831168831169","-29.8617511520737","631","458"
641,479,"blue","23.259406699226","49.8701298701299","104.516129032258","631","458"
640,466,"blue","12.0415945787923","44.8831168831169","39.815668202765","631","458"
640,445,"blue","15.8113883008419","44.8831168831169","-64.7004608294931","631","458"
640,452,"blue","10.816653826392","44.8831168831169","-29.8617511520737","631","458"
651,452,"blue","20.8806130178211","99.7402597402597","-29.8617511520737","631","458"
641,479,"blue","23.259406699226","49.8701298701299","104.516129032258","631","458"
640,459,"blue","9.05538513813742","44.8831168831169","4.97695852534562","631","458"
700,381,"red","58.8557558782486","49.8701298701299","-288.663594470046","690","439"
634,445,"blue","13.3416640641263","14.961038961039","-64.7004608294931","631","458"
636,472,"blue","14.8660687473185","24.9350649350649","69.6774193548387","631","458"
653,472,"blue","26.0768096208106","109.714285714286","69.6774193548387","631","458"
647,472,"blue","21.2602916254693","79.7922077922078","69.6774193548387","631","458"
641,472,"blue","17.2046505340853","49.8701298701299","69.6774193548387","631","458"
652,466,"blue","22.4722050542442","104.727272727273","39.815668202765","631","458"
630,472,"blue","14.0356688476182","-4.98701298701299","69.6774193548387","631","458"
624,472,"blue","15.6524758424985","-34.9090909090909","69.6774193548387","631","458"
624,472,"blue","15.6524758424985","-34.9090909090909","69.6774193548387","631","458"
640,466,"blue","12.0415945787923","44.8831168831169","39.815668202765","631","458"
646,466,"blue","17","74.8051948051948","39.815668202765","631","458"
640,466,"blue","12.0415945787923","44.8831168831169","39.815668202765","631","458"
652,466,"blue","22.4722050542442","104.727272727273","39.815668202765","631","458"
652,466,"blue","22.4722050542442","104.727272727273","39.815668202765","631","458"
646,466,"blue","17","74.8051948051948","39.815668202765","631","458"
629,452,"blue","6.32455532033676","-9.97402597402597","-29.8617511520737","631","458"
646,466,"blue","17","74.8051948051948","39.815668202765","631","458"
646,466,"blue","17","74.8051948051948","39.815668202765","631","458"
623,459,"blue","8.06225774829855","-39.8961038961039","4.97695852534562","631","458"
641,479,"blue","23.259406699226","49.8701298701299","104.516129032258","631","458"
630,466,"blue","8.06225774829855","-4.98701298701299","39.815668202765","631","458"
630,466,"blue","8.06225774829855","-4.98701298701299","39.815668202765","631","458"
630,466,"blue","8.06225774829855","-4.98701298701299","39.815668202765","631","458"
652,466,"blue","22.4722050542442","104.727272727273","39.815668202765","631","458"
630,466,"blue","8.06225774829855","-4.98701298701299","39.815668202765","631","458"
640,466,"blue","12.0415945787923","44.8831168831169","39.815668202765","631","458"
640,466,"blue","12.0415945787923","44.8831168831169","39.815668202765","631","458"
623,452,"blue","10","-39.8961038961039","-29.8617511520737","631","458"
640,466,"blue","12.0415945787923","44.8831168831169","39.815668202765","631","458"
640,466,"blue","12.0415945787923","44.8831168831169","39.815668202765","631","458"
640,466,"blue","12.0415945787923","44.8831168831169","39.815668202765","631","458"
629,452,"blue","6.32455532033676","-9.97402597402597","-29.8617511520737","631","458"
629,452,"blue","6.32455532033676","-9.97402597402597","-29.8617511520737","631","458"
630,466,"blue","8.06225774829855","-4.98701298701299","39.815668202765","631","458"
625,479,"purple","20.6155281280883","79.7922077922078","64.7004608294931","609","466"
634,445,"blue","13.3416640641263","14.961038961039","-64.7004608294931","631","458"
630,466,"blue","8.06225774829855","-4.98701298701299","39.815668202765","631","458"
640,466,"blue","12.0415945787923","44.8831168831169","39.815668202765","631","458"
652,466,"blue","22.4722050542442","104.727272727273","39.815668202765","631","458"
640,459,"blue","9.05538513813742","44.8831168831169","4.97695852534562","631","458"
613,479,"green","11.4017542509914","44.8831168831169","34.8387096774194","604","472"
629,459,"blue","2.23606797749979","-9.97402597402597","4.97695852534562","631","458"
640,466,"blue","12.0415945787923","44.8831168831169","39.815668202765","631","458"
630,466,"blue","8.06225774829855","-4.98701298701299","39.815668202765","631","458"
640,466,"blue","12.0415945787923","44.8831168831169","39.815668202765","631","458"
640,466,"blue","12.0415945787923","44.8831168831169","39.815668202765","631","458"
652,466,"blue","22.4722050542442","104.727272727273","39.815668202765","631","458"
628,445,"blue","13.3416640641263","-14.961038961039","-64.7004608294931","631","458"
629,459,"blue","2.23606797749979","-9.97402597402597","4.97695852534562","631","458"
651,452,"blue","20.8806130178211","99.7402597402597","-29.8617511520737","631","458"
628,445,"blue","13.3416640641263","-14.961038961039","-64.7004608294931","631","458"
640,466,"blue","12.0415945787923","44.8831168831169","39.815668202765","631","458"
623,459,"blue","8.06225774829855","-39.8961038961039","4.97695852534562","631","458"
623,452,"blue","10","-39.8961038961039","-29.8617511520737","631","458"
625,479,"purple","20.6155281280883","79.7922077922078","64.7004608294931","609","466"
623,445,"blue","15.2643375224737","-39.8961038961039","-64.7004608294931","631","458"
629,452,"blue","6.32455532033676","-9.97402597402597","-29.8617511520737","631","458"
652,459,"blue","21.0237960416286","104.727272727273","4.97695852534562","631","458"
652,459,"blue","21.0237960416286","104.727272727273","4.97695852534562","631","458"
640,466,"blue","12.0415945787923","44.8831168831169","39.815668202765","631","458"
640,466,"blue","12.0415945787923","44.8831168831169","39.815668202765","631","458"
646,466,"blue","17","74.8051948051948","39.815668202765","631","458"
625,479,"purple","20.6155281280883","79.7922077922078","64.7004608294931","609","466"
640,459,"blue","9.05538513813742","44.8831168831169","4.97695852534562","631","458"
612,459,"purple","7.61577310586391","14.961038961039","-34.8387096774194","609","466"
646,466,"blue","17","74.8051948051948","39.815668202765","631","458"
640,466,"blue","12.0415945787923","44.8831168831169","39.815668202765","631","458"
640,466,"blue","12.0415945787923","44.8831168831169","39.815668202765","631","458"
640,466,"blue","12.0415945787923","44.8831168831169","39.815668202765","631","458"
652,466,"blue","22.4722050542442","104.727272727273","39.815668202765","631","458"
645,445,"blue","19.1049731745428","69.8181818181818","-64.7004608294931","631","458"
640,459,"blue","9.05538513813742","44.8831168831169","4.97695852534562","631","458"
629,452,"blue","6.32455532033676","-9.97402597402597","-29.8617511520737","631","458"
640,466,"blue","12.0415945787923","44.8831168831169","39.815668202765","631","458"
640,466,"blue","12.0415945787923","44.8831168831169","39.815668202765","631","458"
623,452,"blue","10","-39.8961038961039","-29.8617511520737","631","458"
652,466,"blue","22.4722050542442","104.727272727273","39.815668202765","631","458"
625,479,"purple","20.6155281280883","79.7922077922078","64.7004608294931","609","466"
640,466,"blue","12.0415945787923","44.8831168831169","39.815668202765","631","458"
629,459,"blue","2.23606797749979","-9.97402597402597","4.97695852534562","631","458"
630,466,"blue","8.06225774829855","-4.98701298701299","39.815668202765","631","458"
605,437,"brown","3.60555127546399","9.97402597402597","14.9308755760369","603","434"
606,452,"purple","14.3178210632764","-14.961038961039","-69.6774193548387","609","466"
606,459,"purple","7.61577310586391","-14.961038961039","-34.8387096774194","609","466"
605,437,"brown","3.60555127546399","9.97402597402597","14.9308755760369","603","434"
605,437,"brown","3.60555127546399","9.97402597402597","14.9308755760369","603","434"
606,452,"purple","14.3178210632764","-14.961038961039","-69.6774193548387","609","466"
623,452,"blue","10","-39.8961038961039","-29.8617511520737","631","458"
606,452,"purple","14.3178210632764","-14.961038961039","-69.6774193548387","609","466"
605,437,"brown","3.60555127546399","9.97402597402597","14.9308755760369","603","434"
605,437,"brown","3.60555127546399","9.97402597402597","14.9308755760369","603","434"
605,437,"brown","3.60555127546399","9.97402597402597","14.9308755760369","603","434"
606,452,"purple","14.3178210632764","-14.961038961039","-69.6774193548387","609","466"
606,452,"purple","14.3178210632764","-14.961038961039","-69.6774193548387","609","466"
606,459,"purple","7.61577310586391","-14.961038961039","-34.8387096774194","609","466"
606,452,"purple","14.3178210632764","-14.961038961039","-69.6774193548387","609","466"
605,437,"brown","3.60555127546399","9.97402597402597","14.9308755760369","603","434"
606,452,"purple","14.3178210632764","-14.961038961039","-69.6774193548387","609","466"
606,452,"purple","14.3178210632764","-14.961038961039","-69.6774193548387","609","466"
622,437,"brown","19.2353840616713","94.7532467532468","14.9308755760369","603","434"
622,437,"brown","19.2353840616713","94.7532467532468","14.9308755760369","603","434"
605,437,"brown","3.60555127546399","9.97402597402597","14.9308755760369","603","434"
595,459,"purple","15.6524758424985","-69.8181818181818","-34.8387096774194","609","466"
595,459,"purple","15.6524758424985","-69.8181818181818","-34.8387096774194","609","466"
605,437,"brown","3.60555127546399","9.97402597402597","14.9308755760369","603","434"
605,437,"brown","3.60555127546399","9.97402597402597","14.9308755760369","603","434"
605,437,"brown","3.60555127546399","9.97402597402597","14.9308755760369","603","434"
606,452,"purple","14.3178210632764","-14.961038961039","-69.6774193548387","609","466"
606,459,"purple","7.61577310586391","-14.961038961039","-34.8387096774194","609","466"
606,459,"purple","7.61577310586391","-14.961038961039","-34.8387096774194","609","466"
606,452,"purple","14.3178210632764","-14.961038961039","-69.6774193548387","609","466"
605,437,"brown","3.60555127546399","9.97402597402597","14.9308755760369","603","434"
605,437,"brown","3.60555127546399","9.97402597402597","14.9308755760369","603","434"
622,437,"brown","19.2353840616713","94.7532467532468","14.9308755760369","603","434"
606,459,"purple","7.61577310586391","-14.961038961039","-34.8387096774194","609","466"
622,437,"brown","19.2353840616713","94.7532467532468","14.9308755760369","603","434"
623,452,"blue","10","-39.8961038961039","-29.8617511520737","631","458"
593,437,"yellow","8.06225774829855","-19.9480519480519","34.8387096774194","597","430"
594,452,"brown","20.1246117974981","-44.8831168831169","89.5852534562212","603","434"
606,452,"purple","14.3178210632764","-14.961038961039","-69.6774193548387","609","466"
622,437,"brown","19.2353840616713","94.7532467532468","14.9308755760369","603","434"
622,437,"brown","19.2353840616713","94.7532467532468","14.9308755760369","603","434"
594,452,"brown","20.1246117974981","-44.8831168831169","89.5852534562212","603","434"
594,452,"brown","20.1246117974981","-44.8831168831169","89.5852534562212","603","434"
612,459,"purple","7.61577310586391","14.961038961039","-34.8387096774194","609","466"
606,452,"purple","14.3178210632764","-14.961038961039","-69.6774193548387","609","466"
623,452,"blue","10","-39.8961038961039","-29.8617511520737","631","458"
606,452,"purple","14.3178210632764","-14.961038961039","-69.6774193548387","609","466"
606,452,"purple","14.3178210632764","-14.961038961039","-69.6774193548387","609","466"
596,479,"green","10.6301458127346","-39.8961038961039","34.8387096774194","604","472"
595,459,"purple","15.6524758424985","-69.8181818181818","-34.8387096774194","609","466"
595,459,"purple","15.6524758424985","-69.8181818181818","-34.8387096774194","609","466"
596,479,"green","10.6301458127346","-39.8961038961039","34.8387096774194","604","472"
595,459,"purple","15.6524758424985","-69.8181818181818","-34.8387096774194","609","466"
593,437,"yellow","8.06225774829855","-19.9480519480519","34.8387096774194","597","430"
593,437,"yellow","8.06225774829855","-19.9480519480519","34.8387096774194","597","430"
623,452,"blue","10","-39.8961038961039","-29.8617511520737","631","458"
606,452,"purple","14.3178210632764","-14.961038961039","-69.6774193548387","609","466"
606,459,"purple","7.61577310586391","-14.961038961039","-34.8387096774194","609","466"
623,452,"blue","10","-39.8961038961039","-29.8617511520737","631","458"
623,452,"blue","10","-39.8961038961039","-29.8617511520737","631","458"
623,452,"blue","10","-39.8961038961039","-29.8617511520737","631","458"
595,459,"purple","15.6524758424985","-69.8181818181818","-34.8387096774194","609","466"
595,459,"purple","15.6524758424985","-69.8181818181818","-34.8387096774194","609","466"
606,452,"purple","14.3178210632764","-14.961038961039","-69.6774193548387","609","466"
606,452,"purple","14.3178210632764","-14.961038961039","-69.6774193548387","609","466"
622,437,"brown","19.2353840616713","94.7532467532468","14.9308755760369","603","434"
623,452,"blue","10","-39.8961038961039","-29.8617511520737","631","458"
623,452,"blue","10","-39.8961038961039","-29.8617511520737","631","458"
596,479,"green","10.6301458127346","-39.8961038961039","34.8387096774194","604","472"
596,479,"green","10.6301458127346","-39.8961038961039","34.8387096774194","604","472"
593,437,"yellow","8.06225774829855","-19.9480519480519","34.8387096774194","597","430"
595,459,"purple","15.6524758424985","-69.8181818181818","-34.8387096774194","609","466"
623,452,"blue","10","-39.8961038961039","-29.8617511520737","631","458"
607,479,"green","7.61577310586391","14.961038961039","34.8387096774194","604","472"
607,479,"green","7.61577310586391","14.961038961039","34.8387096774194","604","472"
640,437,"blue","22.8473193175917","44.8831168831169","-104.516129032258","631","458"
675,452,"red","19.8494332412792","-74.8051948051948","64.7004608294931","690","439"
686,452,"red","13.6014705087354","-19.9480519480519","64.7004608294931","690","439"
692,452,"red","13.1529464379659","9.97402597402597","64.7004608294931","690","439"
730,388,"red","64.8151216923952","199.480519480519","-253.824884792627","690","439"
701,402,"red","38.6005181312376","54.8571428571429","-184.147465437788","690","439"
695,409,"red","30.4138126514911","24.9350649350649","-149.308755760369","690","439"
696,423,"red","17.0880074906351","29.9220779220779","-79.63133640553","690","439"
684,416,"red","23.7697286480094","-29.9220779220779","-114.470046082949","690","439"
692,445,"red","6.32455532033676","9.97402597402597","29.8617511520737","690","439"
692,445,"red","6.32455532033676","9.97402597402597","29.8617511520737","690","439"
685,423,"red","16.7630546142402","-24.9350649350649","-79.63133640553","690","439"
696,423,"red","17.0880074906351","29.9220779220779","-79.63133640553","690","439"
698,445,"red","10","39.8961038961039","29.8617511520737","690","439"
692,445,"red","6.32455532033676","9.97402597402597","29.8617511520737","690","439"
696,423,"red","17.0880074906351","29.9220779220779","-79.63133640553","690","439"
696,423,"red","17.0880074906351","29.9220779220779","-79.63133640553","690","439"
698,445,"red","10","39.8961038961039","29.8617511520737","690","439"
690,423,"red","16","0","-79.63133640553","690","439"
697,430,"red","11.4017542509914","34.9090909090909","-44.7926267281106","690","439"
672,416,"red","29.2061637330205","-89.7662337662338","-114.470046082949","690","439"
686,445,"red","7.21110255092798","-19.9480519480519","29.8617511520737","690","439"
686,445,"red","7.21110255092798","-19.9480519480519","29.8617511520737","690","439"
686,445,"red","7.21110255092798","-19.9480519480519","29.8617511520737","690","439"
696,416,"red","23.7697286480094","29.9220779220779","-114.470046082949","690","439"
688,472,"magenta","22.561028345357","-24.9350649350649","-109.493087557604","693","494"
674,445,"red","17.0880074906351","-79.7922077922078","29.8617511520737","690","439"
696,423,"red","17.0880074906351","29.9220779220779","-79.63133640553","690","439"
686,445,"red","7.21110255092798","-19.9480519480519","29.8617511520737","690","439"
698,445,"red","10","39.8961038961039","29.8617511520737","690","439"
693,459,"red","20.2237484161567","14.961038961039","99.5391705069124","690","439"
692,445,"red","6.32455532033676","9.97402597402597","29.8617511520737","690","439"
703,430,"red","15.8113883008419","64.8311688311688","-44.7926267281106","690","439"
691,430,"red","9.05538513813742","4.98701298701299","-44.7926267281106","690","439"
698,445,"red","10","39.8961038961039","29.8617511520737","690","439"
711,472,"orange","3.60555127546399","-9.97402597402597","-14.9308755760369","713","475"
693,459,"red","20.2237484161567","14.961038961039","99.5391705069124","690","439"
699,459,"orange","21.2602916254693","-69.8181818181818","-79.63133640553","713","475"
693,459,"red","20.2237484161567","14.961038961039","99.5391705069124","690","439"
712,486,"orange","11.0453610171873","-4.98701298701299","54.7465437788018","713","475"
700,472,"orange","13.3416640641263","-64.8311688311688","-14.9308755760369","713","475"
700,479,"orange","13.6014705087354","-64.8311688311688","19.9078341013825","713","475"
695,500,"magenta","6.32455532033676","9.97402597402597","29.8617511520737","693","494"
684,500,"magenta","10.816653826392","-44.8831168831169","29.8617511520737","693","494"
695,500,"magenta","6.32455532033676","9.97402597402597","29.8617511520737","693","494"
695,500,"magenta","6.32455532033676","9.97402597402597","29.8617511520737","693","494"
695,500,"magenta","6.32455532033676","9.97402597402597","29.8617511520737","693","494"
676,479,"magenta","22.6715680975093","-84.7792207792208","-74.6543778801843","693","494"
700,479,"orange","13.6014705087354","-64.8311688311688","19.9078341013825","713","475"
700,479,"orange","13.6014705087354","-64.8311688311688","19.9078341013825","713","475"
695,500,"magenta","6.32455532033676","9.97402597402597","29.8617511520737","693","494"
701,500,"magenta","10","39.8961038961039","29.8617511520737","693","494"
695,500,"magenta","6.32455532033676","9.97402597402597","29.8617511520737","693","494"
689,500,"magenta","7.21110255092798","-19.9480519480519","29.8617511520737","693","494"
671,479,"magenta","26.6270539113887","-109.714285714286","-74.6543778801843","693","494"
695,500,"magenta","6.32455532033676","9.97402597402597","29.8617511520737","693","494"
671,479,"magenta","26.6270539113887","-109.714285714286","-74.6543778801843","693","494"
672,500,"magenta","21.8403296678416","-104.727272727273","29.8617511520737","693","494"
672,500,"magenta","21.8403296678416","-104.727272727273","29.8617511520737","693","494"
671,479,"magenta","26.6270539113887","-109.714285714286","-74.6543778801843","693","494"
676,479,"magenta","22.6715680975093","-84.7792207792208","-74.6543778801843","693","494"
672,500,"magenta","21.8403296678416","-104.727272727273","29.8617511520737","693","494"
671,486,"magenta","23.4093998214393","-109.714285714286","-39.815668202765","693","494"
607,555,"pink","63.0317380372777","-209.454545454545","233.917050691244","649","508"
589,555,"pink","76.2167960491649","-299.220779220779","233.917050691244","649","508"
605,528,"pink","48.3321838943783","-219.428571428571","99.5391705069124","649","508"
603,507,"green","35.0142828000232","-4.98701298701299","174.193548387097","604","472"
603,500,"green","28.0178514522438","-4.98701298701299","139.354838709677","604","472"
603,507,"green","35.0142828000232","-4.98701298701299","174.193548387097","604","472"
605,528,"pink","48.3321838943783","-219.428571428571","99.5391705069124","649","508"
604,514,"green","42","0","209.032258064516","604","472"
605,528,"pink","48.3321838943783","-219.428571428571","99.5391705069124","649","508"
604,514,"green","42","0","209.032258064516","604","472"
605,528,"pink","48.3321838943783","-219.428571428571","99.5391705069124","649","508"
604,514,"green","42","0","209.032258064516","604","472"
604,514,"green","42","0","209.032258064516","604","472"
611,528,"pink","42.9418211071678","-189.506493506494","99.5391705069124","649","508"
605,528,"pink","48.3321838943783","-219.428571428571","99.5391705069124","649","508"
603,500,"green","28.0178514522438","-4.98701298701299","139.354838709677","604","472"
605,528,"pink","48.3321838943783","-219.428571428571","99.5391705069124","649","508"
603,507,"green","35.0142828000232","-4.98701298701299","174.193548387097","604","472"
605,528,"pink","48.3321838943783","-219.428571428571","99.5391705069124","649","508"
605,528,"pink","48.3321838943783","-219.428571428571","99.5391705069124","649","508"
605,528,"pink","48.3321838943783","-219.428571428571","99.5391705069124","649","508"
605,528,"pink","48.3321838943783","-219.428571428571","99.5391705069124","649","508"
605,528,"pink","48.3321838943783","-219.428571428571","99.5391705069124","649","508"
604,514,"green","42","0","209.032258064516","604","472"
605,528,"pink","48.3321838943783","-219.428571428571","99.5391705069124","649","508"
604,514,"green","42","0","209.032258064516","604","472"
604,514,"green","42","0","209.032258064516","604","472"
604,514,"green","42","0","209.032258064516","604","472"
611,528,"pink","42.9418211071678","-189.506493506494","99.5391705069124","649","508"
604,514,"green","42","0","209.032258064516","604","472"
604,514,"green","42","0","209.032258064516","604","472"
603,500,"green","28.0178514522438","-4.98701298701299","139.354838709677","604","472"
603,507,"green","35.0142828000232","-4.98701298701299","174.193548387097","604","472"
605,528,"pink","48.3321838943783","-219.428571428571","99.5391705069124","649","508"
628,528,"pink","29","-104.727272727273","99.5391705069124","649","508"
605,528,"pink","48.3321838943783","-219.428571428571","99.5391705069124","649","508"
598,514,"green","42.4264068711929","-29.9220779220779","209.032258064516","604","472"
604,514,"green","42","0","209.032258064516","604","472"
604,514,"green","42","0","209.032258064516","604","472"
628,528,"pink","29","-104.727272727273","99.5391705069124","649","508"
609,507,"green","35.3553390593274","24.9350649350649","174.193548387097","604","472"
604,514,"green","42","0","209.032258064516","604","472"
605,528,"pink","48.3321838943783","-219.428571428571","99.5391705069124","649","508"
628,528,"pink","29","-104.727272727273","99.5391705069124","649","508"
628,528,"pink","29","-104.727272727273","99.5391705069124","649","508"
628,528,"pink","29","-104.727272727273","99.5391705069124","649","508"
605,528,"pink","48.3321838943783","-219.428571428571","99.5391705069124","649","508"
627,514,"pink","22.8035085019828","-109.714285714286","29.8617511520737","649","508"
627,514,"pink","22.8035085019828","-109.714285714286","29.8617511520737","649","508"
621,514,"pink","28.6356421265527","-139.636363636364","29.8617511520737","649","508"
621,514,"pink","28.6356421265527","-139.636363636364","29.8617511520737","649","508"
611,528,"pink","42.9418211071678","-189.506493506494","99.5391705069124","649","508"
627,514,"pink","22.8035085019828","-109.714285714286","29.8617511520737","649","508"
611,535,"pink","46.6154480832267","-189.506493506494","134.377880184332","649","508"
611,542,"pink","50.9901951359278","-189.506493506494","169.216589861751","649","508"
611,542,"pink","50.9901951359278","-189.506493506494","169.216589861751","649","508"
612,555,"pink","59.8163857149527","-184.519480519481","233.917050691244","649","508"
612,555,"pink","59.8163857149527","-184.519480519481","233.917050691244","649","508"
611,542,"pink","50.9901951359278","-189.506493506494","169.216589861751","649","508"
627,514,"pink","22.8035085019828","-109.714285714286","29.8617511520737","649","508"
627,514,"pink","22.8035085019828","-109.714285714286","29.8617511520737","649","508"
627,514,"pink","22.8035085019828","-109.714285714286","29.8617511520737","649","508"
628,528,"pink","29","-104.727272727273","99.5391705069124","649","508"
628,528,"pink","29","-104.727272727273","99.5391705069124","649","508"
611,535,"pink","46.6154480832267","-189.506493506494","134.377880184332","649","508"
611,528,"pink","42.9418211071678","-189.506493506494","99.5391705069124","649","508"
611,528,"pink","42.9418211071678","-189.506493506494","99.5391705069124","649","508"
621,514,"pink","28.6356421265527","-139.636363636364","29.8617511520737","649","508"
611,542,"pink","50.9901951359278","-189.506493506494","169.216589861751","649","508"
611,542,"pink","50.9901951359278","-189.506493506494","169.216589861751","649","508"
605,528,"pink","48.3321838943783","-219.428571428571","99.5391705069124","649","508"
628,528,"pink","29","-104.727272727273","99.5391705069124","649","508"
628,528,"pink","29","-104.727272727273","99.5391705069124","649","508"
611,542,"pink","50.9901951359278","-189.506493506494","169.216589861751","649","508"
707,493,"magenta","14.0356688476182","69.8181818181818","-4.97695852534562","693","494"
701,493,"magenta","8.06225774829855","39.8961038961039","-4.97695852534562","693","494"
701,500,"magenta","10","39.8961038961039","29.8617511520737","693","494"
695,500,"magenta","6.32455532033676","9.97402597402597","29.8617511520737","693","494"
695,500,"magenta","6.32455532033676","9.97402597402597","29.8617511520737","693","494"
695,500,"magenta","6.32455532033676","9.97402597402597","29.8617511520737","693","494"
700,486,"magenta","10.6301458127346","34.9090909090909","-39.815668202765","693","494"
695,500,"magenta","6.32455532033676","9.97402597402597","29.8617511520737","693","494"
695,500,"magenta","6.32455532033676","9.97402597402597","29.8617511520737","693","494"
695,493,"magenta","2.23606797749979","9.97402597402597","-4.97695852534562","693","494"
695,500,"magenta","6.32455532033676","9.97402597402597","29.8617511520737","693","494"
695,500,"magenta","6.32455532033676","9.97402597402597","29.8617511520737","693","494"
695,500,"magenta","6.32455532033676","9.97402597402597","29.8617511520737","693","494"
695,500,"magenta","6.32455532033676","9.97402597402597","29.8617511520737","693","494"
677,493,"magenta","16.0312195418814","-79.7922077922078","-4.97695852534562","693","494"
695,500,"magenta","6.32455532033676","9.97402597402597","29.8617511520737","693","494"
678,500,"magenta","16.1554944214035","-74.8051948051948","29.8617511520737","693","494"
695,500,"magenta","6.32455532033676","9.97402597402597","29.8617511520737","693","494"
695,500,"magenta","6.32455532033676","9.97402597402597","29.8617511520737","693","494"
695,500,"magenta","6.32455532033676","9.97402597402597","29.8617511520737","693","494"
696,507,"magenta","13.3416640641263","14.961038961039","64.7004608294931","693","494"
677,493,"magenta","16.0312195418814","-79.7922077922078","-4.97695852534562","693","494"
678,500,"magenta","16.1554944214035","-74.8051948051948","29.8617511520737","693","494"
695,500,"magenta","6.32455532033676","9.97402597402597","29.8617511520737","693","494"
678,500,"magenta","16.1554944214035","-74.8051948051948","29.8617511520737","693","494"
678,500,"magenta","16.1554944214035","-74.8051948051948","29.8617511520737","693","494"
695,500,"magenta","6.32455532033676","9.97402597402597","29.8617511520737","693","494"
695,500,"magenta","6.32455532033676","9.97402597402597","29.8617511520737","693","494"
677,493,"magenta","16.0312195418814","-79.7922077922078","-4.97695852534562","693","494"
677,486,"magenta","17.8885438199983","-79.7922077922078","-39.815668202765","693","494"
695,500,"magenta","6.32455532033676","9.97402597402597","29.8617511520737","693","494"
678,500,"magenta","16.1554944214035","-74.8051948051948","29.8617511520737","693","494"
695,500,"magenta","6.32455532033676","9.97402597402597","29.8617511520737","693","494"
695,500,"magenta","6.32455532033676","9.97402597402597","29.8617511520737","693","494"
695,500,"magenta","6.32455532033676","9.97402597402597","29.8617511520737","693","494"
695,500,"magenta","6.32455532033676","9.97402597402597","29.8617511520737","693","494"
696,507,"magenta","13.3416640641263","14.961038961039","64.7004608294931","693","494"
695,500,"magenta","6.32455532033676","9.97402597402597","29.8617511520737","693","494"
695,500,"magenta","6.32455532033676","9.97402597402597","29.8617511520737","693","494"
695,500,"magenta","6.32455532033676","9.97402597402597","29.8617511520737","693","494"
695,500,"magenta","6.32455532033676","9.97402597402597","29.8617511520737","693","494"
695,500,"magenta","6.32455532033676","9.97402597402597","29.8617511520737","693","494"
695,500,"magenta","6.32455532033676","9.97402597402597","29.8617511520737","693","494"
695,500,"magenta","6.32455532033676","9.97402597402597","29.8617511520737","693","494"
695,500,"magenta","6.32455532033676","9.97402597402597","29.8617511520737","693","494"
689,500,"magenta","7.21110255092798","-19.9480519480519","29.8617511520737","693","494"
689,500,"magenta","7.21110255092798","-19.9480519480519","29.8617511520737","693","494"
695,500,"magenta","6.32455532033676","9.97402597402597","29.8617511520737","693","494"
678,500,"magenta","16.1554944214035","-74.8051948051948","29.8617511520737","693","494"
695,500,"magenta","6.32455532033676","9.97402597402597","29.8617511520737","693","494"
695,500,"magenta","6.32455532033676","9.97402597402597","29.8617511520737","693","494"
696,507,"magenta","13.3416640641263","14.961038961039","64.7004608294931","693","494"
695,500,"magenta","6.32455532033676","9.97402597402597","29.8617511520737","693","494"
695,500,"magenta","6.32455532033676","9.97402597402597","29.8617511520737","693","494"
695,500,"magenta","6.32455532033676","9.97402597402597","29.8617511520737","693","494"
695,500,"magenta","6.32455532033676","9.97402597402597","29.8617511520737","693","494"
696,507,"magenta","13.3416640641263","14.961038961039","64.7004608294931","693","494"
695,500,"magenta","6.32455532033676","9.97402597402597","29.8617511520737","693","494"
695,500,"magenta","6.32455532033676","9.97402597402597","29.8617511520737","693","494"
695,500,"magenta","6.32455532033676","9.97402597402597","29.8617511520737","693","494"
695,500,"magenta","6.32455532033676","9.97402597402597","29.8617511520737","693","494"
695,500,"magenta","6.32455532033676","9.97402597402597","29.8617511520737","693","494"
695,500,"magenta","6.32455532033676","9.97402597402597","29.8617511520737","693","494"
695,500,"magenta","6.32455532033676","9.97402597402597","29.8617511520737","693","494"
695,500,"magenta","6.32455532033676","9.97402597402597","29.8617511520737","693","494"
695,500,"magenta","6.32455532033676","9.97402597402597","29.8617511520737","693","494"
695,500,"magenta","6.32455532033676","9.97402597402597","29.8617511520737","693","494"
697,528,"magenta","34.2344855372474","19.9480519480519","169.216589861751","693","494"
695,500,"magenta","6.32455532033676","9.97402597402597","29.8617511520737","693","494"
695,500,"magenta","6.32455532033676","9.97402597402597","29.8617511520737","693","494"
695,500,"magenta","6.32455532033676","9.97402597402597","29.8617511520737","693","494"
631,486,"blue","28","0","139.354838709677","631","458"
599,445,"brown","11.7046999107196","-19.9480519480519","54.7465437788018","603","434"
599,445,"brown","11.7046999107196","-19.9480519480519","54.7465437788018","603","434"
599,445,"brown","11.7046999107196","-19.9480519480519","54.7465437788018","603","434"
599,445,"brown","11.7046999107196","-19.9480519480519","54.7465437788018","603","434"
599,445,"brown","11.7046999107196","-19.9480519480519","54.7465437788018","603","434"
605,445,"brown","11.1803398874989","9.97402597402597","54.7465437788018","603","434"
605,445,"brown","11.1803398874989","9.97402597402597","54.7465437788018","603","434"
605,445,"brown","11.1803398874989","9.97402597402597","54.7465437788018","603","434"
605,445,"brown","11.1803398874989","9.97402597402597","54.7465437788018","603","434"
617,445,"brown","17.8044938147649","69.8181818181818","54.7465437788018","603","434"
599,445,"brown","11.7046999107196","-19.9480519480519","54.7465437788018","603","434"
605,445,"brown","11.1803398874989","9.97402597402597","54.7465437788018","603","434"
617,445,"brown","17.8044938147649","69.8181818181818","54.7465437788018","603","434"
599,445,"brown","11.7046999107196","-19.9480519480519","54.7465437788018","603","434"
599,445,"brown","11.7046999107196","-19.9480519480519","54.7465437788018","603","434"
599,445,"brown","11.7046999107196","-19.9480519480519","54.7465437788018","603","434"
605,445,"brown","11.1803398874989","9.97402597402597","54.7465437788018","603","434"
605,445,"brown","11.1803398874989","9.97402597402597","54.7465437788018","603","434"
599,445,"brown","11.7046999107196","-19.9480519480519","54.7465437788018","603","434"
605,445,"brown","11.1803398874989","9.97402597402597","54.7465437788018","603","434"
599,445,"brown","11.7046999107196","-19.9480519480519","54.7465437788018","603","434"
605,445,"brown","11.1803398874989","9.97402597402597","54.7465437788018","603","434"
617,445,"brown","17.8044938147649","69.8181818181818","54.7465437788018","603","434"
605,445,"brown","11.1803398874989","9.97402597402597","54.7465437788018","603","434"
605,445,"brown","11.1803398874989","9.97402597402597","54.7465437788018","603","434"
605,445,"brown","11.1803398874989","9.97402597402597","54.7465437788018","603","434"
605,445,"brown","11.1803398874989","9.97402597402597","54.7465437788018","603","434"
604,430,"brown","4.12310562561766","4.98701298701299","-19.9078341013825","603","434"
605,445,"brown","11.1803398874989","9.97402597402597","54.7465437788018","603","434"
605,445,"brown","11.1803398874989","9.97402597402597","54.7465437788018","603","434"
605,445,"brown","11.1803398874989","9.97402597402597","54.7465437788018","603","434"
605,445,"brown","11.1803398874989","9.97402597402597","54.7465437788018","603","434"
605,445,"brown","11.1803398874989","9.97402597402597","54.7465437788018","603","434"
599,445,"brown","11.7046999107196","-19.9480519480519","54.7465437788018","603","434"
617,445,"brown","17.8044938147649","69.8181818181818","54.7465437788018","603","434"
599,430,"yellow","2","9.97402597402597","0","597","430"
605,445,"brown","11.1803398874989","9.97402597402597","54.7465437788018","603","434"
604,430,"brown","4.12310562561766","4.98701298701299","-19.9078341013825","603","434"
605,445,"brown","11.1803398874989","9.97402597402597","54.7465437788018","603","434"
605,445,"brown","11.1803398874989","9.97402597402597","54.7465437788018","603","434"
605,445,"brown","11.1803398874989","9.97402597402597","54.7465437788018","603","434"
605,445,"brown","11.1803398874989","9.97402597402597","54.7465437788018","603","434"
605,445,"brown","11.1803398874989","9.97402597402597","54.7465437788018","603","434"
605,445,"brown","11.1803398874989","9.97402597402597","54.7465437788018","603","434"
605,445,"brown","11.1803398874989","9.97402597402597","54.7465437788018","603","434"
605,445,"brown","11.1803398874989","9.97402597402597","54.7465437788018","603","434"
605,445,"brown","11.1803398874989","9.97402597402597","54.7465437788018","603","434"
605,445,"brown","11.1803398874989","9.97402597402597","54.7465437788018","603","434"
605,445,"brown","11.1803398874989","9.97402597402597","54.7465437788018","603","434"
605,445,"brown","11.1803398874989","9.97402597402597","54.7465437788018","603","434"
605,445,"brown","11.1803398874989","9.97402597402597","54.7465437788018","603","434"
605,445,"brown","11.1803398874989","9.97402597402597","54.7465437788018","603","434"
605,445,"brown","11.1803398874989","9.97402597402597","54.7465437788018","603","434"
605,445,"brown","11.1803398874989","9.97402597402597","54.7465437788018","603","434"
605,445,"brown","11.1803398874989","9.97402597402597","54.7465437788018","603","434"
605,445,"brown","11.1803398874989","9.97402597402597","54.7465437788018","603","434"
605,445,"brown","11.1803398874989","9.97402597402597","54.7465437788018","603","434"
605,445,"brown","11.1803398874989","9.97402597402597","54.7465437788018","603","434"
605,445,"brown","11.1803398874989","9.97402597402597","54.7465437788018","603","434"
599,445,"brown","11.7046999107196","-19.9480519480519","54.7465437788018","603","434"
599,445,"brown","11.7046999107196","-19.9480519480519","54.7465437788018","603","434"
605,445,"brown","11.1803398874989","9.97402597402597","54.7465437788018","603","434"
605,445,"brown","11.1803398874989","9.97402597402597","54.7465437788018","603","434"
600,452,"purple","16.6433169770932","-44.8831168831169","-69.6774193548387","609","466"
600,459,"purple","11.4017542509914","-44.8831168831169","-34.8387096774194","609","466"
600,459,"purple","11.4017542509914","-44.8831168831169","-34.8387096774194","609","466"
616,430,"brown","13.6014705087354","64.8311688311688","-19.9078341013825","603","434"
626,500,"pink","24.3515913237718","-114.701298701299","-39.815668202765","649","508"
642,486,"pink","23.0867927612304","-34.9090909090909","-109.493087557604","649","508"
632,493,"pink","22.6715680975093","-84.7792207792208","-74.6543778801843","649","508"
626,500,"pink","24.3515913237718","-114.701298701299","-39.815668202765","649","508"
632,507,"pink","17.0293863659264","-84.7792207792208","-4.97695852534562","649","508"
632,500,"pink","18.7882942280559","-84.7792207792208","-39.815668202765","649","508"
643,507,"pink","6.08276253029822","-29.9220779220779","-4.97695852534562","649","508"
627,514,"pink","22.8035085019828","-109.714285714286","29.8617511520737","649","508"
652,549,"pink","41.1096095821889","14.961038961039","204.055299539171","649","508"
652,549,"pink","41.1096095821889","14.961038961039","204.055299539171","649","508"
640,555,"pink","47.8539444560216","-44.8831168831169","233.917050691244","649","508"
652,555,"pink","47.0956473572665","14.961038961039","233.917050691244","649","508"
652,555,"pink","47.0956473572665","14.961038961039","233.917050691244","649","508"
652,555,"pink","47.0956473572665","14.961038961039","233.917050691244","649","508"
650,528,"pink","20.0249843945008","4.98701298701299","99.5391705069124","649","508"
652,555,"pink","47.0956473572665","14.961038961039","233.917050691244","649","508"
652,555,"pink","47.0956473572665","14.961038961039","233.917050691244","649","508"
640,535,"pink","28.4604989415154","-44.8831168831169","134.377880184332","649","508"
640,555,"pink","47.8539444560216","-44.8831168831169","233.917050691244","649","508"
640,555,"pink","47.8539444560216","-44.8831168831169","233.917050691244","649","508"
640,555,"pink","47.8539444560216","-44.8831168831169","233.917050691244","649","508"
652,555,"pink","47.0956473572665","14.961038961039","233.917050691244","649","508"
651,542,"pink","34.0587727318528","9.97402597402597","169.216589861751","649","508"
651,542,"pink","34.0587727318528","9.97402597402597","169.216589861751","649","508"
640,555,"pink","47.8539444560216","-44.8831168831169","233.917050691244","649","508"
652,555,"pink","47.0956473572665","14.961038961039","233.917050691244","649","508"
652,555,"pink","47.0956473572665","14.961038961039","233.917050691244","649","508"
640,555,"pink","47.8539444560216","-44.8831168831169","233.917050691244","649","508"
640,555,"pink","47.8539444560216","-44.8831168831169","233.917050691244","649","508"
640,555,"pink","47.8539444560216","-44.8831168831169","233.917050691244","649","508"
652,555,"pink","47.0956473572665","14.961038961039","233.917050691244","649","508"
640,555,"pink","47.8539444560216","-44.8831168831169","233.917050691244","649","508"
640,549,"pink","41.9761837236307","-44.8831168831169","204.055299539171","649","508"
640,555,"pink","47.8539444560216","-44.8831168831169","233.917050691244","649","508"
652,555,"pink","47.0956473572665","14.961038961039","233.917050691244","649","508"
640,549,"pink","41.9761837236307","-44.8831168831169","204.055299539171","649","508"
656,528,"pink","21.1896201004171","34.9090909090909","99.5391705069124","649","508"
640,535,"pink","28.4604989415154","-44.8831168831169","134.377880184332","649","508"
652,549,"pink","41.1096095821889","14.961038961039","204.055299539171","649","508"
652,555,"pink","47.0956473572665","14.961038961039","233.917050691244","649","508"
640,535,"pink","28.4604989415154","-44.8831168831169","134.377880184332","649","508"
656,528,"pink","21.1896201004171","34.9090909090909","99.5391705069124","649","508"
657,549,"pink","41.7731971484108","39.8961038961039","204.055299539171","649","508"
634,528,"pink","25","-74.8051948051948","99.5391705069124","649","508"
652,555,"pink","47.0956473572665","14.961038961039","233.917050691244","649","508"
652,555,"pink","47.0956473572665","14.961038961039","233.917050691244","649","508"
658,555,"pink","47.8539444560216","44.8831168831169","233.917050691244","649","508"
634,528,"pink","25","-74.8051948051948","99.5391705069124","649","508"
658,555,"pink","47.8539444560216","44.8831168831169","233.917050691244","649","508"
652,555,"pink","47.0956473572665","14.961038961039","233.917050691244","649","508"
646,549,"pink","41.1096095821889","-14.961038961039","204.055299539171","649","508"
640,555,"pink","47.8539444560216","-44.8831168831169","233.917050691244","649","508"
657,549,"pink","41.7731971484108","39.8961038961039","204.055299539171","649","508"
640,555,"pink","47.8539444560216","-44.8831168831169","233.917050691244","649","508"
657,542,"pink","34.928498393146","39.8961038961039","169.216589861751","649","508"
640,549,"pink","41.9761837236307","-44.8831168831169","204.055299539171","649","508"
640,555,"pink","47.8539444560216","-44.8831168831169","233.917050691244","649","508"
635,549,"pink","43.3243580448689","-69.8181818181818","204.055299539171","649","508"
635,549,"pink","43.3243580448689","-69.8181818181818","204.055299539171","649","508"
640,528,"pink","21.9317121994613","-44.8831168831169","99.5391705069124","649","508"
657,542,"pink","34.928498393146","39.8961038961039","169.216589861751","649","508"
645,542,"pink","34.2344855372474","-19.9480519480519","169.216589861751","649","508"
645,542,"pink","34.2344855372474","-19.9480519480519","169.216589861751","649","508"
652,555,"pink","47.0956473572665","14.961038961039","233.917050691244","649","508"
640,555,"pink","47.8539444560216","-44.8831168831169","233.917050691244","649","508"
640,555,"pink","47.8539444560216","-44.8831168831169","233.917050691244","649","508"
652,555,"pink","47.0956473572665","14.961038961039","233.917050691244","649","508"
652,555,"pink","47.0956473572665","14.961038961039","233.917050691244","649","508"
640,555,"pink","47.8539444560216","-44.8831168831169","233.917050691244","649","508"
640,549,"pink","41.9761837236307","-44.8831168831169","204.055299539171","649","508"
635,542,"pink","36.7695526217005","-69.8181818181818","169.216589861751","649","508"
640,555,"pink","47.8539444560216","-44.8831168831169","233.917050691244","649","508"
640,555,"pink","47.8539444560216","-44.8831168831169","233.917050691244","649","508"
603,500,"green","28.0178514522438","-4.98701298701299","139.354838709677","604","472"
603,507,"green","35.0142828000232","-4.98701298701299","174.193548387097","604","472"
611,528,"pink","42.9418211071678","-189.506493506494","99.5391705069124","649","508"
611,528,"pink","42.9418211071678","-189.506493506494","99.5391705069124","649","508"
603,500,"green","28.0178514522438","-4.98701298701299","139.354838709677","604","472"
603,500,"green","28.0178514522438","-4.98701298701299","139.354838709677","604","472"
616,528,"pink","38.5875627631495","-164.571428571429","99.5391705069124","649","508"
603,500,"green","28.0178514522438","-4.98701298701299","139.354838709677","604","472"
628,528,"pink","29","-104.727272727273","99.5391705069124","649","508"
628,528,"pink","29","-104.727272727273","99.5391705069124","649","508"
615,500,"green","30.0832179129826","54.8571428571429","139.354838709677","604","472"
608,493,"green","21.3775583264319","19.9480519480519","104.516129032258","604","472"
609,500,"green","28.4429253066558","24.9350649350649","139.354838709677","604","472"
602,479,"green","7.28010988928052","-9.97402597402597","34.8387096774194","604","472"
619,486,"green","20.5182845286832","74.8051948051948","69.6774193548387","604","472"
619,486,"green","20.5182845286832","74.8051948051948","69.6774193548387","604","472"
619,486,"green","20.5182845286832","74.8051948051948","69.6774193548387","604","472"
619,486,"green","20.5182845286832","74.8051948051948","69.6774193548387","604","472"
620,500,"pink","30.0832179129826","-144.623376623377","-39.815668202765","649","508"
626,500,"pink","24.3515913237718","-114.701298701299","-39.815668202765","649","508"
626,500,"pink","24.3515913237718","-114.701298701299","-39.815668202765","649","508"
619,486,"green","20.5182845286832","74.8051948051948","69.6774193548387","604","472"
626,500,"pink","24.3515913237718","-114.701298701299","-39.815668202765","649","508"
608,493,"green","21.3775583264319","19.9480519480519","104.516129032258","604","472"
608,493,"green","21.3775583264319","19.9480519480519","104.516129032258","604","472"
626,500,"pink","24.3515913237718","-114.701298701299","-39.815668202765","649","508"
643,500,"pink","10","-29.9220779220779","-39.815668202765","649","508"
626,500,"pink","24.3515913237718","-114.701298701299","-39.815668202765","649","508"
608,486,"green","14.560219778561","19.9480519480519","69.6774193548387","604","472"
619,486,"green","20.5182845286832","74.8051948051948","69.6774193548387","604","472"
627,514,"pink","22.8035085019828","-109.714285714286","29.8617511520737","649","508"
620,500,"pink","30.0832179129826","-144.623376623377","-39.815668202765","649","508"
620,500,"pink","30.0832179129826","-144.623376623377","-39.815668202765","649","508"
632,507,"pink","17.0293863659264","-84.7792207792208","-4.97695852534562","649","508"
632,500,"pink","18.7882942280559","-84.7792207792208","-39.815668202765","649","508"
632,500,"pink","18.7882942280559","-84.7792207792208","-39.815668202765","649","508"
634,528,"pink","25","-74.8051948051948","99.5391705069124","649","508"
632,493,"pink","22.6715680975093","-84.7792207792208","-74.6543778801843","649","508"
628,528,"pink","29","-104.727272727273","99.5391705069124","649","508"
628,528,"pink","29","-104.727272727273","99.5391705069124","649","508"
628,528,"pink","29","-104.727272727273","99.5391705069124","649","508"
632,500,"pink","18.7882942280559","-84.7792207792208","-39.815668202765","649","508"
626,500,"pink","24.3515913237718","-114.701298701299","-39.815668202765","649","508"
632,500,"pink","18.7882942280559","-84.7792207792208","-39.815668202765","649","508"
627,507,"pink","22.0227155455452","-109.714285714286","-4.97695852534562","649","508"
627,507,"pink","22.0227155455452","-109.714285714286","-4.97695852534562","649","508"
628,528,"pink","29","-104.727272727273","99.5391705069124","649","508"
627,507,"pink","22.0227155455452","-109.714285714286","-4.97695852534562","649","508"
632,500,"pink","18.7882942280559","-84.7792207792208","-39.815668202765","649","508"
634,528,"pink","25","-74.8051948051948","99.5391705069124","649","508"
620,500,"pink","30.0832179129826","-144.623376623377","-39.815668202765","649","508"
620,500,"pink","30.0832179129826","-144.623376623377","-39.815668202765","649","508"
628,528,"pink","29","-104.727272727273","99.5391705069124","649","508"
620,500,"pink","30.0832179129826","-144.623376623377","-39.815668202765","649","508"
632,500,"pink","18.7882942280559","-84.7792207792208","-39.815668202765","649","508"
632,500,"pink","18.7882942280559","-84.7792207792208","-39.815668202765","649","508"
632,500,"pink","18.7882942280559","-84.7792207792208","-39.815668202765","649","508"
627,507,"pink","22.0227155455452","-109.714285714286","-4.97695852534562","649","508"
620,500,"pink","30.0832179129826","-144.623376623377","-39.815668202765","649","508"
632,500,"pink","18.7882942280559","-84.7792207792208","-39.815668202765","649","508"
632,500,"pink","18.7882942280559","-84.7792207792208","-39.815668202765","649","508"
632,500,"pink","18.7882942280559","-84.7792207792208","-39.815668202765","649","508"
628,528,"pink","29","-104.727272727273","99.5391705069124","649","508"
628,528,"pink","29","-104.727272727273","99.5391705069124","649","508"
620,500,"pink","30.0832179129826","-144.623376623377","-39.815668202765","649","508"
627,507,"pink","22.0227155455452","-109.714285714286","-4.97695852534562","649","508"
632,507,"pink","17.0293863659264","-84.7792207792208","-4.97695852534562","649","508"
627,507,"pink","22.0227155455452","-109.714285714286","-4.97695852534562","649","508"
621,507,"pink","28.0178514522438","-139.636363636364","-4.97695852534562","649","508"
620,500,"pink","30.0832179129826","-144.623376623377","-39.815668202765","649","508"
632,507,"pink","17.0293863659264","-84.7792207792208","-4.97695852534562","649","508"
632,500,"pink","18.7882942280559","-84.7792207792208","-39.815668202765","649","508"
627,507,"pink","22.0227155455452","-109.714285714286","-4.97695852534562","649","508"
683,493,"magenta","10.0498756211209","-49.8701298701299","-4.97695852534562","693","494"
717,472,"orange","5","19.9480519480519","-14.9308755760369","713","475"
718,479,"orange","6.40312423743285","24.9350649350649","19.9078341013825","713","475"
718,479,"orange","6.40312423743285","24.9350649350649","19.9078341013825","713","475"
719,500,"orange","25.7099202643649","29.9220779220779","124.423963133641","713","475"
719,493,"orange","18.9736659610103","29.9220779220779","89.5852534562212","713","475"
701,493,"magenta","8.06225774829855","39.8961038961039","-4.97695852534562","693","494"
725,500,"orange","27.7308492477241","59.8441558441558","124.423963133641","713","475"
725,500,"orange","27.7308492477241","59.8441558441558","124.423963133641","713","475"
707,500,"magenta","15.2315462117278","69.8181818181818","29.8617511520737","693","494"
731,500,"orange","30.8058436014987","89.7662337662338","124.423963133641","713","475"
731,500,"orange","30.8058436014987","89.7662337662338","124.423963133641","713","475"
723,555,"magenta","67.9779375974294","149.61038961039","303.594470046083","693","494"
731,500,"orange","30.8058436014987","89.7662337662338","124.423963133641","713","475"
731,500,"orange","30.8058436014987","89.7662337662338","124.423963133641","713","475"
725,500,"orange","27.7308492477241","59.8441558441558","124.423963133641","713","475"
743,500,"orange","39.0512483795333","149.61038961039","124.423963133641","713","475"
736,493,"orange","29.2061637330205","114.701298701299","89.5852534562212","713","475"
725,507,"orange","34.1760149812701","59.8441558441558","159.26267281106","713","475"
737,500,"orange","34.6554469023269","119.688311688312","124.423963133641","713","475"
725,500,"orange","27.7308492477241","59.8441558441558","124.423963133641","713","475"
725,507,"orange","34.1760149812701","59.8441558441558","159.26267281106","713","475"
725,500,"orange","27.7308492477241","59.8441558441558","124.423963133641","713","475"
719,500,"orange","25.7099202643649","29.9220779220779","124.423963133641","713","475"
737,507,"orange","40","119.688311688312","159.26267281106","713","475"
719,500,"orange","25.7099202643649","29.9220779220779","124.423963133641","713","475"
725,507,"orange","34.1760149812701","59.8441558441558","159.26267281106","713","475"
731,507,"orange","36.7151195013716","89.7662337662338","159.26267281106","713","475"
725,500,"orange","27.7308492477241","59.8441558441558","124.423963133641","713","475"
725,500,"orange","27.7308492477241","59.8441558441558","124.423963133641","713","475"
725,500,"orange","27.7308492477241","59.8441558441558","124.423963133641","713","475"
725,493,"orange","21.6333076527839","59.8441558441558","89.5852534562212","713","475"
701,493,"magenta","8.06225774829855","39.8961038961039","-4.97695852534562","693","494"
701,493,"magenta","8.06225774829855","39.8961038961039","-4.97695852534562","693","494"
725,500,"orange","27.7308492477241","59.8441558441558","124.423963133641","713","475"
724,479,"orange","11.7046999107196","54.8571428571429","19.9078341013825","713","475"
717,472,"orange","5","19.9480519480519","-14.9308755760369","713","475"
725,500,"orange","27.7308492477241","59.8441558441558","124.423963133641","713","475"
725,507,"orange","34.1760149812701","59.8441558441558","159.26267281106","713","475"
743,500,"orange","39.0512483795333","149.61038961039","124.423963133641","713","475"
719,493,"orange","18.9736659610103","29.9220779220779","89.5852534562212","713","475"
736,479,"orange","23.3452350598575","114.701298701299","19.9078341013825","713","475"
736,479,"orange","23.3452350598575","114.701298701299","19.9078341013825","713","475"
731,500,"orange","30.8058436014987","89.7662337662338","124.423963133641","713","475"
725,500,"orange","27.7308492477241","59.8441558441558","124.423963133641","713","475"
719,493,"orange","18.9736659610103","29.9220779220779","89.5852534562212","713","475"
725,500,"orange","27.7308492477241","59.8441558441558","124.423963133641","713","475"
713,500,"magenta","20.8806130178211","99.7402597402597","29.8617511520737","693","494"
725,500,"orange","27.7308492477241","59.8441558441558","124.423963133641","713","475"
718,486,"orange","12.0830459735946","24.9350649350649","54.7465437788018","713","475"
724,486,"orange","15.556349186104","54.8571428571429","54.7465437788018","713","475"
725,500,"orange","27.7308492477241","59.8441558441558","124.423963133641","713","475"
719,493,"orange","18.9736659610103","29.9220779220779","89.5852534562212","713","475"
725,493,"orange","21.6333076527839","59.8441558441558","89.5852534562212","713","475"
725,493,"orange","21.6333076527839","59.8441558441558","89.5852534562212","713","475"
719,500,"orange","25.7099202643649","29.9220779220779","124.423963133641","713","475"
725,500,"orange","27.7308492477241","59.8441558441558","124.423963133641","713","475"
718,486,"orange","12.0830459735946","24.9350649350649","54.7465437788018","713","475"
716,459,"orange","16.2788205960997","14.961038961039","-79.63133640553","713","475"
718,486,"orange","12.0830459735946","24.9350649350649","54.7465437788018","713","475"
719,493,"orange","18.9736659610103","29.9220779220779","89.5852534562212","713","475"
701,500,"magenta","10","39.8961038961039","29.8617511520737","693","494"
724,486,"orange","15.556349186104","54.8571428571429","54.7465437788018","713","475"
701,500,"magenta","10","39.8961038961039","29.8617511520737","693","494"
701,493,"magenta","8.06225774829855","39.8961038961039","-4.97695852534562","693","494"
719,493,"orange","18.9736659610103","29.9220779220779","89.5852534562212","713","475"
719,500,"orange","25.7099202643649","29.9220779220779","124.423963133641","713","475"
719,493,"orange","18.9736659610103","29.9220779220779","89.5852534562212","713","475"
725,493,"orange","21.6333076527839","59.8441558441558","89.5852534562212","713","475"
713,500,"magenta","20.8806130178211","99.7402597402597","29.8617511520737","693","494"
700,486,"magenta","10.6301458127346","34.9090909090909","-39.815668202765","693","494"
700,486,"magenta","10.6301458127346","34.9090909090909","-39.815668202765","693","494"
719,493,"orange","18.9736659610103","29.9220779220779","89.5852534562212","713","475"
715,528,"magenta","40.4969134626332","109.714285714286","169.216589861751","693","494"
717,472,"orange","5","19.9480519480519","-14.9308755760369","713","475"
713,500,"magenta","20.8806130178211","99.7402597402597","29.8617511520737","693","494"
701,500,"magenta","10","39.8961038961039","29.8617511520737","693","494"
700,486,"magenta","10.6301458127346","34.9090909090909","-39.815668202765","693","494"
701,493,"magenta","8.06225774829855","39.8961038961039","-4.97695852534562","693","494"
714,507,"magenta","24.6981780704569","104.727272727273","64.7004608294931","693","494"
719,493,"orange","18.9736659610103","29.9220779220779","89.5852534562212","713","475"
719,500,"orange","25.7099202643649","29.9220779220779","124.423963133641","713","475"
719,500,"orange","25.7099202643649","29.9220779220779","124.423963133641","713","475"
714,507,"magenta","24.6981780704569","104.727272727273","64.7004608294931","693","494"
715,528,"magenta","40.4969134626332","109.714285714286","169.216589861751","693","494"
714,507,"magenta","24.6981780704569","104.727272727273","64.7004608294931","693","494"
714,507,"magenta","24.6981780704569","104.727272727273","64.7004608294931","693","494"
718,479,"orange","6.40312423743285","24.9350649350649","19.9078341013825","713","475"
714,507,"magenta","24.6981780704569","104.727272727273","64.7004608294931","693","494"
719,500,"orange","25.7099202643649","29.9220779220779","124.423963133641","713","475"
719,500,"orange","25.7099202643649","29.9220779220779","124.423963133641","713","475"
702,507,"magenta","15.8113883008419","44.8831168831169","64.7004608294931","693","494"
701,493,"magenta","8.06225774829855","39.8961038961039","-4.97695852534562","693","494"
719,500,"orange","25.7099202643649","29.9220779220779","124.423963133641","713","475"
695,500,"magenta","6.32455532033676","9.97402597402597","29.8617511520737","693","494"
695,500,"magenta","6.32455532033676","9.97402597402597","29.8617511520737","693","494"
671,486,"magenta","23.4093998214393","-109.714285714286","-39.815668202765","693","494"
677,486,"magenta","17.8885438199983","-79.7922077922078","-39.815668202765","693","494"
677,486,"magenta","17.8885438199983","-79.7922077922078","-39.815668202765","693","494"
678,500,"magenta","16.1554944214035","-74.8051948051948","29.8617511520737","693","494"
678,500,"magenta","16.1554944214035","-74.8051948051948","29.8617511520737","693","494"
695,500,"magenta","6.32455532033676","9.97402597402597","29.8617511520737","693","494"
678,507,"magenta","19.8494332412792","-74.8051948051948","64.7004608294931","693","494"
660,493,"pink","18.6010752377383","54.8571428571429","-74.6543778801843","649","508"
677,486,"magenta","17.8885438199983","-79.7922077922078","-39.815668202765","693","494"
671,493,"magenta","22.0227155455452","-109.714285714286","-4.97695852534562","693","494"
678,500,"magenta","16.1554944214035","-74.8051948051948","29.8617511520737","693","494"
677,493,"magenta","16.0312195418814","-79.7922077922078","-4.97695852534562","693","494"
677,486,"magenta","17.8885438199983","-79.7922077922078","-39.815668202765","693","494"
671,486,"magenta","23.4093998214393","-109.714285714286","-39.815668202765","693","494"
676,472,"magenta","27.8028775489157","-84.7792207792208","-109.493087557604","693","494"
678,500,"magenta","16.1554944214035","-74.8051948051948","29.8617511520737","693","494"
659,486,"pink","24.1660919471891","49.8701298701299","-109.493087557604","649","508"
677,486,"magenta","17.8885438199983","-79.7922077922078","-39.815668202765","693","494"
677,493,"magenta","16.0312195418814","-79.7922077922078","-4.97695852534562","693","494"
677,486,"magenta","17.8885438199983","-79.7922077922078","-39.815668202765","693","494"
677,486,"magenta","17.8885438199983","-79.7922077922078","-39.815668202765","693","494"
672,507,"pink","23.0217288664427","114.701298701299","-4.97695852534562","649","508"
672,507,"pink","23.0217288664427","114.701298701299","-4.97695852534562","649","508"
677,493,"magenta","16.0312195418814","-79.7922077922078","-4.97695852534562","693","494"
677,493,"magenta","16.0312195418814","-79.7922077922078","-4.97695852534562","693","494"
659,486,"pink","24.1660919471891","49.8701298701299","-109.493087557604","649","508"
666,500,"pink","18.7882942280559","84.7792207792208","-39.815668202765","649","508"
671,493,"magenta","22.0227155455452","-109.714285714286","-4.97695852534562","693","494"
654,500,"pink","9.4339811320566","24.9350649350649","-39.815668202765","649","508"
670,472,"magenta","31.8276609256791","-114.701298701299","-109.493087557604","693","494"
677,493,"magenta","16.0312195418814","-79.7922077922078","-4.97695852534562","693","494"
677,486,"magenta","17.8885438199983","-79.7922077922078","-39.815668202765","693","494"
677,493,"magenta","16.0312195418814","-79.7922077922078","-4.97695852534562","693","494"
695,500,"magenta","6.32455532033676","9.97402597402597","29.8617511520737","693","494"
678,500,"magenta","16.1554944214035","-74.8051948051948","29.8617511520737","693","494"
678,500,"magenta","16.1554944214035","-74.8051948051948","29.8617511520737","693","494"
671,486,"magenta","23.4093998214393","-109.714285714286","-39.815668202765","693","494"
