"x","y","group","distance","dif_x","dif_y","p_x","p_y"
611,445,"magenta","21.2602916254693","-58.4347826086956","67.7647058823529","625","429"
611,445,"magenta","21.2602916254693","-58.4347826086956","67.7647058823529","625","429"
611,445,"magenta","21.2602916254693","-58.4347826086956","67.7647058823529","625","429"
611,445,"magenta","21.2602916254693","-58.4347826086956","67.7647058823529","625","429"
610,430,"magenta","15.0332963783729","-62.6086956521739","4.23529411764706","625","429"
610,430,"magenta","15.0332963783729","-62.6086956521739","4.23529411764706","625","429"
611,445,"magenta","21.2602916254693","-58.4347826086956","67.7647058823529","625","429"
611,445,"magenta","21.2602916254693","-58.4347826086956","67.7647058823529","625","429"
610,430,"magenta","15.0332963783729","-62.6086956521739","4.23529411764706","625","429"
611,445,"magenta","21.2602916254693","-58.4347826086956","67.7647058823529","625","429"
610,430,"magenta","15.0332963783729","-62.6086956521739","4.23529411764706","625","429"
610,430,"magenta","15.0332963783729","-62.6086956521739","4.23529411764706","625","429"
610,430,"magenta","15.0332963783729","-62.6086956521739","4.23529411764706","625","429"
611,445,"magenta","21.2602916254693","-58.4347826086956","67.7647058823529","625","429"
610,430,"magenta","15.0332963783729","-62.6086956521739","4.23529411764706","625","429"
611,445,"magenta","21.2602916254693","-58.4347826086956","67.7647058823529","625","429"
610,430,"magenta","15.0332963783729","-62.6086956521739","4.23529411764706","625","429"
611,445,"magenta","21.2602916254693","-58.4347826086956","67.7647058823529","625","429"
611,445,"magenta","21.2602916254693","-58.4347826086956","67.7647058823529","625","429"
611,445,"magenta","21.2602916254693","-58.4347826086956","67.7647058823529","625","429"
611,445,"magenta","21.2602916254693","-58.4347826086956","67.7647058823529","625","429"
610,430,"magenta","15.0332963783729","-62.6086956521739","4.23529411764706","625","429"
610,430,"magenta","15.0332963783729","-62.6086956521739","4.23529411764706","625","429"
610,430,"magenta","15.0332963783729","-62.6086956521739","4.23529411764706","625","429"
604,423,"magenta","21.8403296678416","-87.6521739130435","-25.4117647058824","625","429"
611,452,"magenta","26.9258240356725","-58.4347826086956","97.4117647058823","625","429"
610,430,"magenta","15.0332963783729","-62.6086956521739","4.23529411764706","625","429"
611,445,"magenta","21.2602916254693","-58.4347826086956","67.7647058823529","625","429"
610,430,"magenta","15.0332963783729","-62.6086956521739","4.23529411764706","625","429"
610,430,"magenta","15.0332963783729","-62.6086956521739","4.23529411764706","625","429"
610,430,"magenta","15.0332963783729","-62.6086956521739","4.23529411764706","625","429"
610,430,"magenta","15.0332963783729","-62.6086956521739","4.23529411764706","625","429"
610,430,"magenta","15.0332963783729","-62.6086956521739","4.23529411764706","625","429"
611,445,"magenta","21.2602916254693","-58.4347826086956","67.7647058823529","625","429"
610,430,"magenta","15.0332963783729","-62.6086956521739","4.23529411764706","625","429"
611,445,"magenta","21.2602916254693","-58.4347826086956","67.7647058823529","625","429"
610,430,"magenta","15.0332963783729","-62.6086956521739","4.23529411764706","625","429"
620,409,"magenta","20.6155281280883","-20.8695652173913","-84.7058823529412","625","429"
599,437,"magenta","27.2029410174709","-108.521739130435","33.8823529411765","625","429"
599,437,"magenta","27.2029410174709","-108.521739130435","33.8823529411765","625","429"
600,452,"magenta","33.9705755029261","-104.347826086957","97.4117647058823","625","429"
600,452,"magenta","33.9705755029261","-104.347826086957","97.4117647058823","625","429"
616,430,"magenta","9.05538513813742","-37.5652173913043","4.23529411764706","625","429"
610,430,"magenta","15.0332963783729","-62.6086956521739","4.23529411764706","625","429"
610,430,"magenta","15.0332963783729","-62.6086956521739","4.23529411764706","625","429"
610,430,"magenta","15.0332963783729","-62.6086956521739","4.23529411764706","625","429"
610,430,"magenta","15.0332963783729","-62.6086956521739","4.23529411764706","625","429"
611,445,"magenta","21.2602916254693","-58.4347826086956","67.7647058823529","625","429"
610,430,"magenta","15.0332963783729","-62.6086956521739","4.23529411764706","625","429"
610,430,"magenta","15.0332963783729","-62.6086956521739","4.23529411764706","625","429"
611,452,"magenta","26.9258240356725","-58.4347826086956","97.4117647058823","625","429"
605,437,"magenta","21.540659228538","-83.4782608695652","33.8823529411765","625","429"
605,437,"magenta","21.540659228538","-83.4782608695652","33.8823529411765","625","429"
610,423,"magenta","16.1554944214035","-62.6086956521739","-25.4117647058824","625","429"
606,452,"magenta","29.8328677803526","-79.304347826087","97.4117647058823","625","429"
606,452,"magenta","29.8328677803526","-79.304347826087","97.4117647058823","625","429"
611,445,"magenta","21.2602916254693","-58.4347826086956","67.7647058823529","625","429"
611,445,"magenta","21.2602916254693","-58.4347826086956","67.7647058823529","625","429"
611,445,"magenta","21.2602916254693","-58.4347826086956","67.7647058823529","625","429"
611,445,"magenta","21.2602916254693","-58.4347826086956","67.7647058823529","625","429"
611,445,"magenta","21.2602916254693","-58.4347826086956","67.7647058823529","625","429"
611,445,"magenta","21.2602916254693","-58.4347826086956","67.7647058823529","625","429"
611,445,"magenta","21.2602916254693","-58.4347826086956","67.7647058823529","625","429"
611,445,"magenta","21.2602916254693","-58.4347826086956","67.7647058823529","625","429"
611,445,"magenta","21.2602916254693","-58.4347826086956","67.7647058823529","625","429"
611,445,"magenta","21.2602916254693","-58.4347826086956","67.7647058823529","625","429"
611,445,"magenta","21.2602916254693","-58.4347826086956","67.7647058823529","625","429"
610,430,"magenta","15.0332963783729","-62.6086956521739","4.23529411764706","625","429"
611,445,"magenta","21.2602916254693","-58.4347826086956","67.7647058823529","625","429"
611,445,"magenta","21.2602916254693","-58.4347826086956","67.7647058823529","625","429"
611,445,"magenta","21.2602916254693","-58.4347826086956","67.7647058823529","625","429"
610,430,"magenta","15.0332963783729","-62.6086956521739","4.23529411764706","625","429"
610,430,"magenta","15.0332963783729","-62.6086956521739","4.23529411764706","625","429"
611,445,"magenta","21.2602916254693","-58.4347826086956","67.7647058823529","625","429"
611,445,"magenta","21.2602916254693","-58.4347826086956","67.7647058823529","625","429"
611,445,"magenta","21.2602916254693","-58.4347826086956","67.7647058823529","625","429"
611,445,"magenta","21.2602916254693","-58.4347826086956","67.7647058823529","625","429"
611,445,"magenta","21.2602916254693","-58.4347826086956","67.7647058823529","625","429"
610,430,"magenta","15.0332963783729","-62.6086956521739","4.23529411764706","625","429"
610,430,"magenta","15.0332963783729","-62.6086956521739","4.23529411764706","625","429"
611,445,"magenta","21.2602916254693","-58.4347826086956","67.7647058823529","625","429"
611,445,"magenta","21.2602916254693","-58.4347826086956","67.7647058823529","625","429"
611,445,"magenta","21.2602916254693","-58.4347826086956","67.7647058823529","625","429"
610,430,"magenta","15.0332963783729","-62.6086956521739","4.23529411764706","625","429"
610,430,"magenta","15.0332963783729","-62.6086956521739","4.23529411764706","625","429"
610,430,"magenta","15.0332963783729","-62.6086956521739","4.23529411764706","625","429"
610,430,"magenta","15.0332963783729","-62.6086956521739","4.23529411764706","625","429"
610,430,"magenta","15.0332963783729","-62.6086956521739","4.23529411764706","625","429"
610,430,"magenta","15.0332963783729","-62.6086956521739","4.23529411764706","625","429"
610,430,"magenta","15.0332963783729","-62.6086956521739","4.23529411764706","625","429"
610,430,"magenta","15.0332963783729","-62.6086956521739","4.23529411764706","625","429"
610,430,"magenta","15.0332963783729","-62.6086956521739","4.23529411764706","625","429"
611,445,"magenta","21.2602916254693","-58.4347826086956","67.7647058823529","625","429"
611,445,"magenta","21.2602916254693","-58.4347826086956","67.7647058823529","625","429"
610,430,"magenta","15.0332963783729","-62.6086956521739","4.23529411764706","625","429"
610,430,"magenta","15.0332963783729","-62.6086956521739","4.23529411764706","625","429"
610,430,"magenta","15.0332963783729","-62.6086956521739","4.23529411764706","625","429"
611,445,"magenta","21.2602916254693","-58.4347826086956","67.7647058823529","625","429"
610,430,"magenta","15.0332963783729","-62.6086956521739","4.23529411764706","625","429"
616,430,"magenta","9.05538513813742","-37.5652173913043","4.23529411764706","625","429"
611,445,"magenta","21.2602916254693","-58.4347826086956","67.7647058823529","625","429"
610,430,"magenta","15.0332963783729","-62.6086956521739","4.23529411764706","625","429"
610,430,"magenta","15.0332963783729","-62.6086956521739","4.23529411764706","625","429"
610,430,"magenta","15.0332963783729","-62.6086956521739","4.23529411764706","625","429"
610,430,"magenta","15.0332963783729","-62.6086956521739","4.23529411764706","625","429"
611,445,"magenta","21.2602916254693","-58.4347826086956","67.7647058823529","625","429"
593,430,"magenta","32.0156211871642","-133.565217391304","4.23529411764706","625","429"
587,430,"magenta","38.0131556174964","-158.608695652174","4.23529411764706","625","429"
587,430,"magenta","38.0131556174964","-158.608695652174","4.23529411764706","625","429"
610,430,"magenta","15.0332963783729","-62.6086956521739","4.23529411764706","625","429"
610,430,"magenta","15.0332963783729","-62.6086956521739","4.23529411764706","625","429"
611,445,"magenta","21.2602916254693","-58.4347826086956","67.7647058823529","625","429"
611,445,"magenta","21.2602916254693","-58.4347826086956","67.7647058823529","625","429"
610,430,"magenta","15.0332963783729","-62.6086956521739","4.23529411764706","625","429"
610,430,"magenta","15.0332963783729","-62.6086956521739","4.23529411764706","625","429"
610,430,"magenta","15.0332963783729","-62.6086956521739","4.23529411764706","625","429"
610,430,"magenta","15.0332963783729","-62.6086956521739","4.23529411764706","625","429"
616,430,"magenta","9.05538513813742","-37.5652173913043","4.23529411764706","625","429"
610,430,"magenta","15.0332963783729","-62.6086956521739","4.23529411764706","625","429"
610,430,"magenta","15.0332963783729","-62.6086956521739","4.23529411764706","625","429"
610,430,"magenta","15.0332963783729","-62.6086956521739","4.23529411764706","625","429"
610,430,"magenta","15.0332963783729","-62.6086956521739","4.23529411764706","625","429"
610,430,"magenta","15.0332963783729","-62.6086956521739","4.23529411764706","625","429"
506,409,"green","18.4390889145858","-50.0869565217391","-59.2941176470588","518","423"
622,437,"magenta","8.54400374531753","-12.5217391304348","33.8823529411765","625","429"
615,423,"magenta","11.6619037896906","-41.7391304347826","-25.4117647058824","625","429"
615,423,"magenta","11.6619037896906","-41.7391304347826","-25.4117647058824","625","429"
583,466,"magenta","55.9732078766261","-175.304347826087","156.705882352941","625","429"
588,452,"magenta","43.5660418215839","-154.434782608696","97.4117647058823","625","429"
610,430,"magenta","15.0332963783729","-62.6086956521739","4.23529411764706","625","429"
610,430,"magenta","15.0332963783729","-62.6086956521739","4.23529411764706","625","429"
611,452,"magenta","26.9258240356725","-58.4347826086956","97.4117647058823","625","429"
610,430,"magenta","15.0332963783729","-62.6086956521739","4.23529411764706","625","429"
610,430,"magenta","15.0332963783729","-62.6086956521739","4.23529411764706","625","429"
611,445,"magenta","21.2602916254693","-58.4347826086956","67.7647058823529","625","429"
611,445,"magenta","21.2602916254693","-58.4347826086956","67.7647058823529","625","429"
610,430,"magenta","15.0332963783729","-62.6086956521739","4.23529411764706","625","429"
611,445,"magenta","21.2602916254693","-58.4347826086956","67.7647058823529","625","429"
611,445,"magenta","21.2602916254693","-58.4347826086956","67.7647058823529","625","429"
611,445,"magenta","21.2602916254693","-58.4347826086956","67.7647058823529","625","429"
610,430,"magenta","15.0332963783729","-62.6086956521739","4.23529411764706","625","429"
611,445,"magenta","21.2602916254693","-58.4347826086956","67.7647058823529","625","429"
611,445,"magenta","21.2602916254693","-58.4347826086956","67.7647058823529","625","429"
611,445,"magenta","21.2602916254693","-58.4347826086956","67.7647058823529","625","429"
611,445,"magenta","21.2602916254693","-58.4347826086956","67.7647058823529","625","429"
611,445,"magenta","21.2602916254693","-58.4347826086956","67.7647058823529","625","429"
610,430,"magenta","15.0332963783729","-62.6086956521739","4.23529411764706","625","429"
610,430,"magenta","15.0332963783729","-62.6086956521739","4.23529411764706","625","429"
610,430,"magenta","15.0332963783729","-62.6086956521739","4.23529411764706","625","429"
610,430,"magenta","15.0332963783729","-62.6086956521739","4.23529411764706","625","429"
610,430,"magenta","15.0332963783729","-62.6086956521739","4.23529411764706","625","429"
610,430,"magenta","15.0332963783729","-62.6086956521739","4.23529411764706","625","429"
611,445,"magenta","21.2602916254693","-58.4347826086956","67.7647058823529","625","429"
611,445,"magenta","21.2602916254693","-58.4347826086956","67.7647058823529","625","429"
610,430,"magenta","15.0332963783729","-62.6086956521739","4.23529411764706","625","429"
611,445,"magenta","21.2602916254693","-58.4347826086956","67.7647058823529","625","429"
611,445,"magenta","21.2602916254693","-58.4347826086956","67.7647058823529","625","429"
610,430,"magenta","15.0332963783729","-62.6086956521739","4.23529411764706","625","429"
610,430,"magenta","15.0332963783729","-62.6086956521739","4.23529411764706","625","429"
611,445,"magenta","21.2602916254693","-58.4347826086956","67.7647058823529","625","429"
610,430,"magenta","15.0332963783729","-62.6086956521739","4.23529411764706","625","429"
611,445,"magenta","21.2602916254693","-58.4347826086956","67.7647058823529","625","429"
610,430,"magenta","15.0332963783729","-62.6086956521739","4.23529411764706","625","429"
610,430,"magenta","15.0332963783729","-62.6086956521739","4.23529411764706","625","429"
611,445,"magenta","21.2602916254693","-58.4347826086956","67.7647058823529","625","429"
611,445,"magenta","21.2602916254693","-58.4347826086956","67.7647058823529","625","429"
610,430,"magenta","15.0332963783729","-62.6086956521739","4.23529411764706","625","429"
610,430,"magenta","15.0332963783729","-62.6086956521739","4.23529411764706","625","429"
611,445,"magenta","21.2602916254693","-58.4347826086956","67.7647058823529","625","429"
610,430,"magenta","15.0332963783729","-62.6086956521739","4.23529411764706","625","429"
610,430,"magenta","15.0332963783729","-62.6086956521739","4.23529411764706","625","429"
610,430,"magenta","15.0332963783729","-62.6086956521739","4.23529411764706","625","429"
611,445,"magenta","21.2602916254693","-58.4347826086956","67.7647058823529","625","429"
611,445,"magenta","21.2602916254693","-58.4347826086956","67.7647058823529","625","429"
610,430,"magenta","15.0332963783729","-62.6086956521739","4.23529411764706","625","429"
611,445,"magenta","21.2602916254693","-58.4347826086956","67.7647058823529","625","429"
610,430,"magenta","15.0332963783729","-62.6086956521739","4.23529411764706","625","429"
610,430,"magenta","15.0332963783729","-62.6086956521739","4.23529411764706","625","429"
610,430,"magenta","15.0332963783729","-62.6086956521739","4.23529411764706","625","429"
610,430,"magenta","15.0332963783729","-62.6086956521739","4.23529411764706","625","429"
610,430,"magenta","15.0332963783729","-62.6086956521739","4.23529411764706","625","429"
610,430,"magenta","15.0332963783729","-62.6086956521739","4.23529411764706","625","429"
610,430,"magenta","15.0332963783729","-62.6086956521739","4.23529411764706","625","429"
611,445,"magenta","21.2602916254693","-58.4347826086956","67.7647058823529","625","429"
610,430,"magenta","15.0332963783729","-62.6086956521739","4.23529411764706","625","429"
610,430,"magenta","15.0332963783729","-62.6086956521739","4.23529411764706","625","429"
610,430,"magenta","15.0332963783729","-62.6086956521739","4.23529411764706","625","429"
611,445,"magenta","21.2602916254693","-58.4347826086956","67.7647058823529","625","429"
610,430,"magenta","15.0332963783729","-62.6086956521739","4.23529411764706","625","429"
610,430,"magenta","15.0332963783729","-62.6086956521739","4.23529411764706","625","429"
610,430,"magenta","15.0332963783729","-62.6086956521739","4.23529411764706","625","429"
610,430,"magenta","15.0332963783729","-62.6086956521739","4.23529411764706","625","429"
611,445,"magenta","21.2602916254693","-58.4347826086956","67.7647058823529","625","429"
610,430,"magenta","15.0332963783729","-62.6086956521739","4.23529411764706","625","429"
610,430,"magenta","15.0332963783729","-62.6086956521739","4.23529411764706","625","429"
610,430,"magenta","15.0332963783729","-62.6086956521739","4.23529411764706","625","429"
610,430,"magenta","15.0332963783729","-62.6086956521739","4.23529411764706","625","429"
610,430,"magenta","15.0332963783729","-62.6086956521739","4.23529411764706","625","429"
610,430,"magenta","15.0332963783729","-62.6086956521739","4.23529411764706","625","429"
610,430,"magenta","15.0332963783729","-62.6086956521739","4.23529411764706","625","429"
610,430,"magenta","15.0332963783729","-62.6086956521739","4.23529411764706","625","429"
611,445,"magenta","21.2602916254693","-58.4347826086956","67.7647058823529","625","429"
610,430,"magenta","15.0332963783729","-62.6086956521739","4.23529411764706","625","429"
610,430,"magenta","15.0332963783729","-62.6086956521739","4.23529411764706","625","429"
490,346,"pink","30.4138126514911","-125.217391304348","21.1764705882353","520","341"
473,346,"pink","47.2652091923859","-196.173913043478","21.1764705882353","520","341"
490,346,"pink","30.4138126514911","-125.217391304348","21.1764705882353","520","341"
490,346,"pink","30.4138126514911","-125.217391304348","21.1764705882353","520","341"
490,346,"pink","30.4138126514911","-125.217391304348","21.1764705882353","520","341"
491,360,"pink","34.6698716467194","-121.04347826087","80.4705882352941","520","341"
490,346,"pink","30.4138126514911","-125.217391304348","21.1764705882353","520","341"
491,360,"pink","34.6698716467194","-121.04347826087","80.4705882352941","520","341"
491,360,"pink","34.6698716467194","-121.04347826087","80.4705882352941","520","341"
467,332,"pink","53.7587202228625","-221.217391304348","-38.1176470588235","520","341"
466,310,"pink","62.2655603042324","-225.391304347826","-131.294117647059","520","341"
467,339,"pink","53.0377224247045","-221.217391304348","-8.47058823529412","520","341"
473,339,"pink","47.0425339453563","-196.173913043478","-8.47058823529412","520","341"
484,332,"pink","37.1079506305589","-150.260869565217","-38.1176470588235","520","341"
489,332,"pink","32.2800247831379","-129.391304347826","-38.1176470588235","520","341"
472,332,"pink","48.8364617882991","-200.347826086957","-38.1176470588235","520","341"
472,332,"pink","48.8364617882991","-200.347826086957","-38.1176470588235","520","341"
473,339,"pink","47.0425339453563","-196.173913043478","-8.47058823529412","520","341"
473,339,"pink","47.0425339453563","-196.173913043478","-8.47058823529412","520","341"
490,339,"pink","30.0665927567458","-125.217391304348","-8.47058823529412","520","341"
473,339,"pink","47.0425339453563","-196.173913043478","-8.47058823529412","520","341"
489,332,"pink","32.2800247831379","-129.391304347826","-38.1176470588235","520","341"
472,332,"pink","48.8364617882991","-200.347826086957","-38.1176470588235","520","341"
473,339,"pink","47.0425339453563","-196.173913043478","-8.47058823529412","520","341"
473,339,"pink","47.0425339453563","-196.173913043478","-8.47058823529412","520","341"
472,332,"pink","48.8364617882991","-200.347826086957","-38.1176470588235","520","341"
490,339,"pink","30.0665927567458","-125.217391304348","-8.47058823529412","520","341"
489,332,"pink","32.2800247831379","-129.391304347826","-38.1176470588235","520","341"
489,332,"pink","32.2800247831379","-129.391304347826","-38.1176470588235","520","341"
473,339,"pink","47.0425339453563","-196.173913043478","-8.47058823529412","520","341"
490,339,"pink","30.0665927567458","-125.217391304348","-8.47058823529412","520","341"
490,339,"pink","30.0665927567458","-125.217391304348","-8.47058823529412","520","341"
473,339,"pink","47.0425339453563","-196.173913043478","-8.47058823529412","520","341"
490,339,"pink","30.0665927567458","-125.217391304348","-8.47058823529412","520","341"
472,332,"pink","48.8364617882991","-200.347826086957","-38.1176470588235","520","341"
490,339,"pink","30.0665927567458","-125.217391304348","-8.47058823529412","520","341"
473,339,"pink","47.0425339453563","-196.173913043478","-8.47058823529412","520","341"
490,339,"pink","30.0665927567458","-125.217391304348","-8.47058823529412","520","341"
473,339,"pink","47.0425339453563","-196.173913043478","-8.47058823529412","520","341"
472,332,"pink","48.8364617882991","-200.347826086957","-38.1176470588235","520","341"
473,339,"pink","47.0425339453563","-196.173913043478","-8.47058823529412","520","341"
473,339,"pink","47.0425339453563","-196.173913043478","-8.47058823529412","520","341"
490,339,"pink","30.0665927567458","-125.217391304348","-8.47058823529412","520","341"
490,339,"pink","30.0665927567458","-125.217391304348","-8.47058823529412","520","341"
490,339,"pink","30.0665927567458","-125.217391304348","-8.47058823529412","520","341"
473,339,"pink","47.0425339453563","-196.173913043478","-8.47058823529412","520","341"
490,339,"pink","30.0665927567458","-125.217391304348","-8.47058823529412","520","341"
472,332,"pink","48.8364617882991","-200.347826086957","-38.1176470588235","520","341"
473,339,"pink","47.0425339453563","-196.173913043478","-8.47058823529412","520","341"
473,339,"pink","47.0425339453563","-196.173913043478","-8.47058823529412","520","341"
467,332,"pink","53.7587202228625","-221.217391304348","-38.1176470588235","520","341"
473,339,"pink","47.0425339453563","-196.173913043478","-8.47058823529412","520","341"
467,339,"pink","53.0377224247045","-221.217391304348","-8.47058823529412","520","341"
490,339,"pink","30.0665927567458","-125.217391304348","-8.47058823529412","520","341"
473,339,"pink","47.0425339453563","-196.173913043478","-8.47058823529412","520","341"
473,339,"pink","47.0425339453563","-196.173913043478","-8.47058823529412","520","341"
467,339,"pink","53.0377224247045","-221.217391304348","-8.47058823529412","520","341"
472,332,"pink","48.8364617882991","-200.347826086957","-38.1176470588235","520","341"
472,332,"pink","48.8364617882991","-200.347826086957","-38.1176470588235","520","341"
472,332,"pink","48.8364617882991","-200.347826086957","-38.1176470588235","520","341"
473,339,"pink","47.0425339453563","-196.173913043478","-8.47058823529412","520","341"
473,339,"pink","47.0425339453563","-196.173913043478","-8.47058823529412","520","341"
472,332,"pink","48.8364617882991","-200.347826086957","-38.1176470588235","520","341"
472,332,"pink","48.8364617882991","-200.347826086957","-38.1176470588235","520","341"
472,332,"pink","48.8364617882991","-200.347826086957","-38.1176470588235","520","341"
490,339,"pink","30.0665927567458","-125.217391304348","-8.47058823529412","520","341"
473,339,"pink","47.0425339453563","-196.173913043478","-8.47058823529412","520","341"
490,339,"pink","30.0665927567458","-125.217391304348","-8.47058823529412","520","341"
473,339,"pink","47.0425339453563","-196.173913043478","-8.47058823529412","520","341"
490,339,"pink","30.0665927567458","-125.217391304348","-8.47058823529412","520","341"
473,339,"pink","47.0425339453563","-196.173913043478","-8.47058823529412","520","341"
467,339,"pink","53.0377224247045","-221.217391304348","-8.47058823529412","520","341"
467,332,"pink","53.7587202228625","-221.217391304348","-38.1176470588235","520","341"
467,332,"pink","53.7587202228625","-221.217391304348","-38.1176470588235","520","341"
473,339,"pink","47.0425339453563","-196.173913043478","-8.47058823529412","520","341"
467,339,"pink","53.0377224247045","-221.217391304348","-8.47058823529412","520","341"
473,339,"pink","47.0425339453563","-196.173913043478","-8.47058823529412","520","341"
473,339,"pink","47.0425339453563","-196.173913043478","-8.47058823529412","520","341"
490,339,"pink","30.0665927567458","-125.217391304348","-8.47058823529412","520","341"
467,339,"pink","53.0377224247045","-221.217391304348","-8.47058823529412","520","341"
472,332,"pink","48.8364617882991","-200.347826086957","-38.1176470588235","520","341"
490,339,"pink","30.0665927567458","-125.217391304348","-8.47058823529412","520","341"
473,339,"pink","47.0425339453563","-196.173913043478","-8.47058823529412","520","341"
467,332,"pink","53.7587202228625","-221.217391304348","-38.1176470588235","520","341"
467,332,"pink","53.7587202228625","-221.217391304348","-38.1176470588235","520","341"
472,332,"pink","48.8364617882991","-200.347826086957","-38.1176470588235","520","341"
472,332,"pink","48.8364617882991","-200.347826086957","-38.1176470588235","520","341"
489,332,"pink","32.2800247831379","-129.391304347826","-38.1176470588235","520","341"
490,339,"pink","30.0665927567458","-125.217391304348","-8.47058823529412","520","341"
591,317,"purple","55.2268050859363","-171.130434782609","-156.705882352941","632","354"
683,310,"purple","67.3572564761956","212.869565217391","-186.352941176471","632","354"
683,310,"purple","67.3572564761956","212.869565217391","-186.352941176471","632","354"
684,317,"purple","63.8200595424354","217.04347826087","-156.705882352941","632","354"
713,310,"orange","53.7121960079831","-108.521739130435","-199.058823529412","739","357"
713,310,"orange","53.7121960079831","-108.521739130435","-199.058823529412","739","357"
719,310,"orange","51.0783711564885","-83.4782608695652","-199.058823529412","739","357"
713,310,"orange","53.7121960079831","-108.521739130435","-199.058823529412","739","357"
695,310,"orange","64.3816744112795","-183.652173913043","-199.058823529412","739","357"
695,310,"orange","64.3816744112795","-183.652173913043","-199.058823529412","739","357"
713,310,"orange","53.7121960079831","-108.521739130435","-199.058823529412","739","357"
725,310,"orange","49.0407993409569","-58.4347826086956","-199.058823529412","739","357"
701,310,"orange","60.4400529450463","-158.608695652174","-199.058823529412","739","357"
701,310,"orange","60.4400529450463","-158.608695652174","-199.058823529412","739","357"
665,296,"purple","66.7308024828115","137.739130434783","-245.647058823529","632","354"
683,310,"purple","67.3572564761956","212.869565217391","-186.352941176471","632","354"
683,310,"purple","67.3572564761956","212.869565217391","-186.352941176471","632","354"
707,310,"orange","56.859475903318","-133.565217391304","-199.058823529412","739","357"
707,317,"orange","51.2249938994628","-133.565217391304","-169.411764705882","739","357"
707,317,"orange","51.2249938994628","-133.565217391304","-169.411764705882","739","357"
707,317,"orange","51.2249938994628","-133.565217391304","-169.411764705882","739","357"
691,332,"orange","54.1202365109392","-200.347826086957","-105.882352941176","739","357"
708,332,"orange","39.8246155034798","-129.391304347826","-105.882352941176","739","357"
708,332,"orange","39.8246155034798","-129.391304347826","-105.882352941176","739","357"
708,332,"orange","39.8246155034798","-129.391304347826","-105.882352941176","739","357"
709,339,"orange","34.9857113690718","-125.217391304348","-76.2352941176471","739","357"
709,339,"orange","34.9857113690718","-125.217391304348","-76.2352941176471","739","357"
709,339,"orange","34.9857113690718","-125.217391304348","-76.2352941176471","739","357"
715,339,"orange","30","-100.173913043478","-76.2352941176471","739","357"
715,339,"orange","30","-100.173913043478","-76.2352941176471","739","357"
709,339,"orange","34.9857113690718","-125.217391304348","-76.2352941176471","739","357"
711,367,"orange","29.732137494637","-116.869565217391","42.3529411764706","739","357"
709,339,"orange","34.9857113690718","-125.217391304348","-76.2352941176471","739","357"
715,346,"orange","26.4007575648882","-100.173913043478","-46.5882352941176","739","357"
709,339,"orange","34.9857113690718","-125.217391304348","-76.2352941176471","739","357"
709,339,"orange","34.9857113690718","-125.217391304348","-76.2352941176471","739","357"
709,339,"orange","34.9857113690718","-125.217391304348","-76.2352941176471","739","357"
709,346,"orange","31.9530906173409","-125.217391304348","-46.5882352941176","739","357"
709,346,"orange","31.9530906173409","-125.217391304348","-46.5882352941176","739","357"
709,346,"orange","31.9530906173409","-125.217391304348","-46.5882352941176","739","357"
709,346,"orange","31.9530906173409","-125.217391304348","-46.5882352941176","739","357"
715,346,"orange","26.4007575648882","-100.173913043478","-46.5882352941176","739","357"
715,346,"orange","26.4007575648882","-100.173913043478","-46.5882352941176","739","357"
709,346,"orange","31.9530906173409","-125.217391304348","-46.5882352941176","739","357"
709,339,"orange","34.9857113690718","-125.217391304348","-76.2352941176471","739","357"
715,346,"orange","26.4007575648882","-100.173913043478","-46.5882352941176","739","357"
711,367,"orange","29.732137494637","-116.869565217391","42.3529411764706","739","357"
710,360,"orange","29.1547594742265","-121.04347826087","12.7058823529412","739","357"
710,360,"orange","29.1547594742265","-121.04347826087","12.7058823529412","739","357"
716,360,"orange","23.1948270094864","-96","12.7058823529412","739","357"
716,360,"orange","23.1948270094864","-96","12.7058823529412","739","357"
709,346,"orange","31.9530906173409","-125.217391304348","-46.5882352941176","739","357"
716,360,"orange","23.1948270094864","-96","12.7058823529412","739","357"
715,346,"orange","26.4007575648882","-100.173913043478","-46.5882352941176","739","357"
715,339,"orange","30","-100.173913043478","-76.2352941176471","739","357"
716,360,"orange","23.1948270094864","-96","12.7058823529412","739","357"
715,339,"orange","30","-100.173913043478","-76.2352941176471","739","357"
702,332,"orange","44.6542271235322","-154.434782608696","-105.882352941176","739","357"
715,339,"orange","30","-100.173913043478","-76.2352941176471","739","357"
716,360,"orange","23.1948270094864","-96","12.7058823529412","739","357"
715,346,"orange","26.4007575648882","-100.173913043478","-46.5882352941176","739","357"
715,346,"orange","26.4007575648882","-100.173913043478","-46.5882352941176","739","357"
715,346,"orange","26.4007575648882","-100.173913043478","-46.5882352941176","739","357"
715,346,"orange","26.4007575648882","-100.173913043478","-46.5882352941176","739","357"
715,346,"orange","26.4007575648882","-100.173913043478","-46.5882352941176","739","357"
714,332,"orange","35.3553390593274","-104.347826086957","-105.882352941176","739","357"
716,360,"orange","23.1948270094864","-96","12.7058823529412","739","357"
715,339,"orange","30","-100.173913043478","-76.2352941176471","739","357"
716,360,"orange","23.1948270094864","-96","12.7058823529412","739","357"
715,346,"orange","26.4007575648882","-100.173913043478","-46.5882352941176","739","357"
716,367,"orange","25.0798724079689","-96","42.3529411764706","739","357"
709,339,"orange","34.9857113690718","-125.217391304348","-76.2352941176471","739","357"
715,339,"orange","30","-100.173913043478","-76.2352941176471","739","357"
715,339,"orange","30","-100.173913043478","-76.2352941176471","739","357"
709,339,"orange","34.9857113690718","-125.217391304348","-76.2352941176471","739","357"
715,339,"orange","30","-100.173913043478","-76.2352941176471","739","357"
715,339,"orange","30","-100.173913043478","-76.2352941176471","739","357"
715,339,"orange","30","-100.173913043478","-76.2352941176471","739","357"
715,339,"orange","30","-100.173913043478","-76.2352941176471","739","357"
715,339,"orange","30","-100.173913043478","-76.2352941176471","739","357"
715,339,"orange","30","-100.173913043478","-76.2352941176471","739","357"
715,339,"orange","30","-100.173913043478","-76.2352941176471","739","357"
709,339,"orange","34.9857113690718","-125.217391304348","-76.2352941176471","739","357"
709,346,"orange","31.9530906173409","-125.217391304348","-46.5882352941176","739","357"
709,339,"orange","34.9857113690718","-125.217391304348","-76.2352941176471","739","357"
709,339,"orange","34.9857113690718","-125.217391304348","-76.2352941176471","739","357"
709,339,"orange","34.9857113690718","-125.217391304348","-76.2352941176471","739","357"
715,339,"orange","30","-100.173913043478","-76.2352941176471","739","357"
714,332,"orange","35.3553390593274","-104.347826086957","-105.882352941176","739","357"
714,332,"orange","35.3553390593274","-104.347826086957","-105.882352941176","739","357"
714,332,"orange","35.3553390593274","-104.347826086957","-105.882352941176","739","357"
663,367,"purple","33.6154726279432","129.391304347826","55.0588235294118","632","354"
545,493,"blue","41.5932686861708","154.434782608696","-80.4705882352941","508","512"
528,493,"blue","27.5862284482674","83.4782608695652","-80.4705882352941","508","512"
500,493,"blue","20.6155281280883","-33.3913043478261","-80.4705882352941","508","512"
500,493,"blue","20.6155281280883","-33.3913043478261","-80.4705882352941","508","512"
500,493,"blue","20.6155281280883","-33.3913043478261","-80.4705882352941","508","512"
468,521,"blue","41","-166.95652173913","38.1176470588235","508","512"
457,521,"blue","51.7880295048962","-212.869565217391","38.1176470588235","508","512"
473,521,"blue","36.1386219991853","-146.086956521739","38.1176470588235","508","512"
484,514,"blue","24.0831891575846","-100.173913043478","8.47058823529412","508","512"
485,535,"blue","32.5269119345812","-96","97.4117647058823","508","512"
483,500,"blue","27.7308492477241","-104.347826086957","-50.8235294117647","508","512"
485,521,"blue","24.6981780704569","-96","38.1176470588235","508","512"
485,521,"blue","24.6981780704569","-96","38.1176470588235","508","512"
473,521,"blue","36.1386219991853","-146.086956521739","38.1176470588235","508","512"
479,521,"blue","30.364452901378","-121.04347826087","38.1176470588235","508","512"
479,521,"blue","30.364452901378","-121.04347826087","38.1176470588235","508","512"
473,521,"blue","36.1386219991853","-146.086956521739","38.1176470588235","508","512"
473,521,"blue","36.1386219991853","-146.086956521739","38.1176470588235","508","512"
473,521,"blue","36.1386219991853","-146.086956521739","38.1176470588235","508","512"
485,521,"blue","24.6981780704569","-96","38.1176470588235","508","512"
473,521,"blue","36.1386219991853","-146.086956521739","38.1176470588235","508","512"
473,521,"blue","36.1386219991853","-146.086956521739","38.1176470588235","508","512"
473,521,"blue","36.1386219991853","-146.086956521739","38.1176470588235","508","512"
473,521,"blue","36.1386219991853","-146.086956521739","38.1176470588235","508","512"
485,521,"blue","24.6981780704569","-96","38.1176470588235","508","512"
473,521,"blue","36.1386219991853","-146.086956521739","38.1176470588235","508","512"
473,521,"blue","36.1386219991853","-146.086956521739","38.1176470588235","508","512"
473,521,"blue","36.1386219991853","-146.086956521739","38.1176470588235","508","512"
473,521,"blue","36.1386219991853","-146.086956521739","38.1176470588235","508","512"
473,521,"blue","36.1386219991853","-146.086956521739","38.1176470588235","508","512"
473,521,"blue","36.1386219991853","-146.086956521739","38.1176470588235","508","512"
473,521,"blue","36.1386219991853","-146.086956521739","38.1176470588235","508","512"
479,521,"blue","30.364452901378","-121.04347826087","38.1176470588235","508","512"
473,521,"blue","36.1386219991853","-146.086956521739","38.1176470588235","508","512"
485,521,"blue","24.6981780704569","-96","38.1176470588235","508","512"
485,521,"blue","24.6981780704569","-96","38.1176470588235","508","512"
485,521,"blue","24.6981780704569","-96","38.1176470588235","508","512"
485,521,"blue","24.6981780704569","-96","38.1176470588235","508","512"
485,521,"blue","24.6981780704569","-96","38.1176470588235","508","512"
485,521,"blue","24.6981780704569","-96","38.1176470588235","508","512"
485,521,"blue","24.6981780704569","-96","38.1176470588235","508","512"
501,521,"blue","11.4017542509914","-29.2173913043478","38.1176470588235","508","512"
485,521,"blue","24.6981780704569","-96","38.1176470588235","508","512"
485,521,"blue","24.6981780704569","-96","38.1176470588235","508","512"
485,521,"blue","24.6981780704569","-96","38.1176470588235","508","512"
485,521,"blue","24.6981780704569","-96","38.1176470588235","508","512"
473,521,"blue","36.1386219991853","-146.086956521739","38.1176470588235","508","512"
485,521,"blue","24.6981780704569","-96","38.1176470588235","508","512"
485,521,"blue","24.6981780704569","-96","38.1176470588235","508","512"
485,521,"blue","24.6981780704569","-96","38.1176470588235","508","512"
485,521,"blue","24.6981780704569","-96","38.1176470588235","508","512"
485,521,"blue","24.6981780704569","-96","38.1176470588235","508","512"
485,521,"blue","24.6981780704569","-96","38.1176470588235","508","512"
485,521,"blue","24.6981780704569","-96","38.1176470588235","508","512"
485,521,"blue","24.6981780704569","-96","38.1176470588235","508","512"
485,521,"blue","24.6981780704569","-96","38.1176470588235","508","512"
501,521,"blue","11.4017542509914","-29.2173913043478","38.1176470588235","508","512"
485,521,"blue","24.6981780704569","-96","38.1176470588235","508","512"
485,521,"blue","24.6981780704569","-96","38.1176470588235","508","512"
485,521,"blue","24.6981780704569","-96","38.1176470588235","508","512"
485,521,"blue","24.6981780704569","-96","38.1176470588235","508","512"
501,521,"blue","11.4017542509914","-29.2173913043478","38.1176470588235","508","512"
501,521,"blue","11.4017542509914","-29.2173913043478","38.1176470588235","508","512"
501,521,"blue","11.4017542509914","-29.2173913043478","38.1176470588235","508","512"
485,521,"blue","24.6981780704569","-96","38.1176470588235","508","512"
485,521,"blue","24.6981780704569","-96","38.1176470588235","508","512"
485,521,"blue","24.6981780704569","-96","38.1176470588235","508","512"
485,521,"blue","24.6981780704569","-96","38.1176470588235","508","512"
485,521,"blue","24.6981780704569","-96","38.1176470588235","508","512"
501,521,"blue","11.4017542509914","-29.2173913043478","38.1176470588235","508","512"
485,521,"blue","24.6981780704569","-96","38.1176470588235","508","512"
501,521,"blue","11.4017542509914","-29.2173913043478","38.1176470588235","508","512"
484,507,"blue","24.5153013442625","-100.173913043478","-21.1764705882353","508","512"
484,507,"blue","24.5153013442625","-100.173913043478","-21.1764705882353","508","512"
485,521,"blue","24.6981780704569","-96","38.1176470588235","508","512"
501,521,"blue","11.4017542509914","-29.2173913043478","38.1176470588235","508","512"
501,521,"blue","11.4017542509914","-29.2173913043478","38.1176470588235","508","512"
501,521,"blue","11.4017542509914","-29.2173913043478","38.1176470588235","508","512"
501,507,"blue","8.60232526704263","-29.2173913043478","-21.1764705882353","508","512"
485,521,"blue","24.6981780704569","-96","38.1176470588235","508","512"
485,521,"blue","24.6981780704569","-96","38.1176470588235","508","512"
501,521,"blue","11.4017542509914","-29.2173913043478","38.1176470588235","508","512"
501,521,"blue","11.4017542509914","-29.2173913043478","38.1176470588235","508","512"
501,507,"blue","8.60232526704263","-29.2173913043478","-21.1764705882353","508","512"
518,507,"blue","11.1803398874989","41.7391304347826","-21.1764705882353","508","512"
529,514,"blue","21.095023109729","87.6521739130435","8.47058823529412","508","512"
574,500,"yellow","55.5427763079953","-212.869565217391","-93.1764705882353","625","522"
673,514,"yellow","48.6621002423858","200.347826086957","-33.8823529411765","625","522"
673,514,"yellow","48.6621002423858","200.347826086957","-33.8823529411765","625","522"
685,514,"red","57.8705451849211","-237.913043478261","-42.3529411764706","742","524"
685,514,"red","57.8705451849211","-237.913043478261","-42.3529411764706","742","524"
690,514,"red","52.9528091794949","-217.04347826087","-42.3529411764706","742","524"
685,514,"red","57.8705451849211","-237.913043478261","-42.3529411764706","742","524"
685,514,"red","57.8705451849211","-237.913043478261","-42.3529411764706","742","524"
684,500,"red","62.7694193059009","-242.086956521739","-101.647058823529","742","524"
684,500,"red","62.7694193059009","-242.086956521739","-101.647058823529","742","524"
701,493,"red","51.4003891035856","-171.130434782609","-131.294117647059","742","524"
684,500,"red","62.7694193059009","-242.086956521739","-101.647058823529","742","524"
689,500,"red","58.1807528311554","-221.217391304348","-101.647058823529","742","524"
701,500,"red","47.5078940808788","-171.130434782609","-101.647058823529","742","524"
701,500,"red","47.5078940808788","-171.130434782609","-101.647058823529","742","524"
689,493,"red","61.400325732035","-221.217391304348","-131.294117647059","742","524"
689,493,"red","61.400325732035","-221.217391304348","-131.294117647059","742","524"
701,500,"red","47.5078940808788","-171.130434782609","-101.647058823529","742","524"
690,514,"red","52.9528091794949","-217.04347826087","-42.3529411764706","742","524"
683,493,"yellow","64.8459713474939","242.086956521739","-122.823529411765","625","522"
683,493,"yellow","64.8459713474939","242.086956521739","-122.823529411765","625","522"
690,514,"red","52.9528091794949","-217.04347826087","-42.3529411764706","742","524"
689,493,"red","61.400325732035","-221.217391304348","-131.294117647059","742","524"
701,493,"red","51.4003891035856","-171.130434782609","-131.294117647059","742","524"
701,493,"red","51.4003891035856","-171.130434782609","-131.294117647059","742","524"
701,493,"red","51.4003891035856","-171.130434782609","-131.294117647059","742","524"
701,493,"red","51.4003891035856","-171.130434782609","-131.294117647059","742","524"
689,493,"red","61.400325732035","-221.217391304348","-131.294117647059","742","524"
689,500,"red","58.1807528311554","-221.217391304348","-101.647058823529","742","524"
689,500,"red","58.1807528311554","-221.217391304348","-101.647058823529","742","524"
689,493,"red","61.400325732035","-221.217391304348","-131.294117647059","742","524"
689,493,"red","61.400325732035","-221.217391304348","-131.294117647059","742","524"
683,493,"yellow","64.8459713474939","242.086956521739","-122.823529411765","625","522"
689,493,"red","61.400325732035","-221.217391304348","-131.294117647059","742","524"
689,493,"red","61.400325732035","-221.217391304348","-131.294117647059","742","524"
689,493,"red","61.400325732035","-221.217391304348","-131.294117647059","742","524"
688,479,"red","70.2922470831599","-225.391304347826","-190.588235294118","742","524"
754,493,"red","33.2415402771893","50.0869565217391","-131.294117647059","742","524"
706,486,"red","52.3450093132096","-150.260869565217","-160.941176470588","742","524"
683,493,"yellow","64.8459713474939","242.086956521739","-122.823529411765","625","522"
684,507,"red","60.4400529450463","-242.086956521739","-72","742","524"
690,514,"red","52.9528091794949","-217.04347826087","-42.3529411764706","742","524"
684,500,"red","62.7694193059009","-242.086956521739","-101.647058823529","742","524"
689,500,"red","58.1807528311554","-221.217391304348","-101.647058823529","742","524"
689,500,"red","58.1807528311554","-221.217391304348","-101.647058823529","742","524"
690,514,"red","52.9528091794949","-217.04347826087","-42.3529411764706","742","524"
689,500,"red","58.1807528311554","-221.217391304348","-101.647058823529","742","524"
690,514,"red","52.9528091794949","-217.04347826087","-42.3529411764706","742","524"
684,500,"red","62.7694193059009","-242.086956521739","-101.647058823529","742","524"
683,493,"yellow","64.8459713474939","242.086956521739","-122.823529411765","625","522"
684,500,"red","62.7694193059009","-242.086956521739","-101.647058823529","742","524"
690,514,"red","52.9528091794949","-217.04347826087","-42.3529411764706","742","524"
689,500,"red","58.1807528311554","-221.217391304348","-101.647058823529","742","524"
689,493,"red","61.400325732035","-221.217391304348","-131.294117647059","742","524"
683,493,"yellow","64.8459713474939","242.086956521739","-122.823529411765","625","522"
689,500,"red","58.1807528311554","-221.217391304348","-101.647058823529","742","524"
701,493,"red","51.4003891035856","-171.130434782609","-131.294117647059","742","524"
683,493,"yellow","64.8459713474939","242.086956521739","-122.823529411765","625","522"
683,493,"yellow","64.8459713474939","242.086956521739","-122.823529411765","625","522"
690,514,"red","52.9528091794949","-217.04347826087","-42.3529411764706","742","524"
701,493,"red","51.4003891035856","-171.130434782609","-131.294117647059","742","524"
689,493,"red","61.400325732035","-221.217391304348","-131.294117647059","742","524"
683,493,"yellow","64.8459713474939","242.086956521739","-122.823529411765","625","522"
684,500,"red","62.7694193059009","-242.086956521739","-101.647058823529","742","524"
702,507,"red","43.4626276242015","-166.95652173913","-72","742","524"
689,493,"red","61.400325732035","-221.217391304348","-131.294117647059","742","524"
689,493,"red","61.400325732035","-221.217391304348","-131.294117647059","742","524"
689,500,"red","58.1807528311554","-221.217391304348","-101.647058823529","742","524"
690,514,"red","52.9528091794949","-217.04347826087","-42.3529411764706","742","524"
701,493,"red","51.4003891035856","-171.130434782609","-131.294117647059","742","524"
684,500,"red","62.7694193059009","-242.086956521739","-101.647058823529","742","524"
684,500,"red","62.7694193059009","-242.086956521739","-101.647058823529","742","524"
689,500,"red","58.1807528311554","-221.217391304348","-101.647058823529","742","524"
689,493,"red","61.400325732035","-221.217391304348","-131.294117647059","742","524"
690,507,"red","54.7083174663597","-217.04347826087","-72","742","524"
701,500,"red","47.5078940808788","-171.130434782609","-101.647058823529","742","524"
684,507,"red","60.4400529450463","-242.086956521739","-72","742","524"
701,500,"red","47.5078940808788","-171.130434782609","-101.647058823529","742","524"
690,514,"red","52.9528091794949","-217.04347826087","-42.3529411764706","742","524"
701,500,"red","47.5078940808788","-171.130434782609","-101.647058823529","742","524"
701,500,"red","47.5078940808788","-171.130434782609","-101.647058823529","742","524"
689,493,"red","61.400325732035","-221.217391304348","-131.294117647059","742","524"
689,493,"red","61.400325732035","-221.217391304348","-131.294117647059","742","524"
701,493,"red","51.4003891035856","-171.130434782609","-131.294117647059","742","524"
701,493,"red","51.4003891035856","-171.130434782609","-131.294117647059","742","524"
701,493,"red","51.4003891035856","-171.130434782609","-131.294117647059","742","524"
690,507,"red","54.7083174663597","-217.04347826087","-72","742","524"
701,493,"red","51.4003891035856","-171.130434782609","-131.294117647059","742","524"
701,493,"red","51.4003891035856","-171.130434782609","-131.294117647059","742","524"
701,493,"red","51.4003891035856","-171.130434782609","-131.294117647059","742","524"
701,493,"red","51.4003891035856","-171.130434782609","-131.294117647059","742","524"
656,430,"magenta","31.0161248385416","129.391304347826","4.23529411764706","625","429"
656,430,"magenta","31.0161248385416","129.391304347826","4.23529411764706","625","429"
596,388,"purple","49.5176736125598","-150.260869565217","144","632","354"
606,360,"purple","26.6833281282527","-108.521739130435","25.4117647058824","632","354"
606,360,"purple","26.6833281282527","-108.521739130435","25.4117647058824","632","354"
611,346,"purple","22.4722050542442","-87.6521739130435","-33.8823529411765","632","354"
611,360,"purple","21.8403296678416","-87.6521739130435","25.4117647058824","632","354"
594,360,"purple","38.4707681233427","-158.608695652174","25.4117647058824","632","354"
594,360,"purple","38.4707681233427","-158.608695652174","25.4117647058824","632","354"
629,360,"purple","6.70820393249937","-12.5217391304348","25.4117647058824","632","354"
594,360,"purple","38.4707681233427","-158.608695652174","25.4117647058824","632","354"
605,346,"purple","28.1602556806574","-112.695652173913","-33.8823529411765","632","354"
591,317,"purple","55.2268050859363","-171.130434782609","-156.705882352941","632","354"
598,339,"purple","37.1618083521241","-141.913043478261","-63.5294117647059","632","354"
594,367,"purple","40.1621712560464","-158.608695652174","55.0588235294118","632","354"
593,346,"purple","39.8120584747888","-162.782608695652","-33.8823529411765","632","354"
593,339,"purple","41.7851648315524","-162.782608695652","-63.5294117647059","632","354"
594,360,"purple","38.4707681233427","-158.608695652174","25.4117647058824","632","354"
593,346,"purple","39.8120584747888","-162.782608695652","-33.8823529411765","632","354"
593,346,"purple","39.8120584747888","-162.782608695652","-33.8823529411765","632","354"
594,360,"purple","38.4707681233427","-158.608695652174","25.4117647058824","632","354"
593,339,"purple","41.7851648315524","-162.782608695652","-63.5294117647059","632","354"
594,367,"purple","40.1621712560464","-158.608695652174","55.0588235294118","632","354"
593,339,"purple","41.7851648315524","-162.782608695652","-63.5294117647059","632","354"
593,339,"purple","41.7851648315524","-162.782608695652","-63.5294117647059","632","354"
594,360,"purple","38.4707681233427","-158.608695652174","25.4117647058824","632","354"
593,346,"purple","39.8120584747888","-162.782608695652","-33.8823529411765","632","354"
600,360,"purple","32.5576411921994","-133.565217391304","25.4117647058824","632","354"
593,346,"purple","39.8120584747888","-162.782608695652","-33.8823529411765","632","354"
593,346,"purple","39.8120584747888","-162.782608695652","-33.8823529411765","632","354"
593,346,"purple","39.8120584747888","-162.782608695652","-33.8823529411765","632","354"
593,339,"purple","41.7851648315524","-162.782608695652","-63.5294117647059","632","354"
593,339,"purple","41.7851648315524","-162.782608695652","-63.5294117647059","632","354"
593,339,"purple","41.7851648315524","-162.782608695652","-63.5294117647059","632","354"
593,339,"purple","41.7851648315524","-162.782608695652","-63.5294117647059","632","354"
593,346,"purple","39.8120584747888","-162.782608695652","-33.8823529411765","632","354"
593,346,"purple","39.8120584747888","-162.782608695652","-33.8823529411765","632","354"
593,346,"purple","39.8120584747888","-162.782608695652","-33.8823529411765","632","354"
582,346,"purple","50.6359556046887","-208.695652173913","-33.8823529411765","632","354"
598,339,"purple","37.1618083521241","-141.913043478261","-63.5294117647059","632","354"
593,346,"purple","39.8120584747888","-162.782608695652","-33.8823529411765","632","354"
594,360,"purple","38.4707681233427","-158.608695652174","25.4117647058824","632","354"
593,339,"purple","41.7851648315524","-162.782608695652","-63.5294117647059","632","354"
593,346,"purple","39.8120584747888","-162.782608695652","-33.8823529411765","632","354"
593,339,"purple","41.7851648315524","-162.782608695652","-63.5294117647059","632","354"
593,339,"purple","41.7851648315524","-162.782608695652","-63.5294117647059","632","354"
593,339,"purple","41.7851648315524","-162.782608695652","-63.5294117647059","632","354"
593,339,"purple","41.7851648315524","-162.782608695652","-63.5294117647059","632","354"
593,339,"purple","41.7851648315524","-162.782608695652","-63.5294117647059","632","354"
593,339,"purple","41.7851648315524","-162.782608695652","-63.5294117647059","632","354"
593,339,"purple","41.7851648315524","-162.782608695652","-63.5294117647059","632","354"
593,339,"purple","41.7851648315524","-162.782608695652","-63.5294117647059","632","354"
593,339,"purple","41.7851648315524","-162.782608695652","-63.5294117647059","632","354"
593,339,"purple","41.7851648315524","-162.782608695652","-63.5294117647059","632","354"
593,339,"purple","41.7851648315524","-162.782608695652","-63.5294117647059","632","354"
593,339,"purple","41.7851648315524","-162.782608695652","-63.5294117647059","632","354"
593,339,"purple","41.7851648315524","-162.782608695652","-63.5294117647059","632","354"
593,346,"purple","39.8120584747888","-162.782608695652","-33.8823529411765","632","354"
593,339,"purple","41.7851648315524","-162.782608695652","-63.5294117647059","632","354"
593,346,"purple","39.8120584747888","-162.782608695652","-33.8823529411765","632","354"
593,339,"purple","41.7851648315524","-162.782608695652","-63.5294117647059","632","354"
593,339,"purple","41.7851648315524","-162.782608695652","-63.5294117647059","632","354"
593,346,"purple","39.8120584747888","-162.782608695652","-33.8823529411765","632","354"
593,339,"purple","41.7851648315524","-162.782608695652","-63.5294117647059","632","354"
593,339,"purple","41.7851648315524","-162.782608695652","-63.5294117647059","632","354"
593,339,"purple","41.7851648315524","-162.782608695652","-63.5294117647059","632","354"
611,346,"purple","22.4722050542442","-87.6521739130435","-33.8823529411765","632","354"
593,339,"purple","41.7851648315524","-162.782608695652","-63.5294117647059","632","354"
593,339,"purple","41.7851648315524","-162.782608695652","-63.5294117647059","632","354"
593,339,"purple","41.7851648315524","-162.782608695652","-63.5294117647059","632","354"
593,339,"purple","41.7851648315524","-162.782608695652","-63.5294117647059","632","354"
593,339,"purple","41.7851648315524","-162.782608695652","-63.5294117647059","632","354"
593,339,"purple","41.7851648315524","-162.782608695652","-63.5294117647059","632","354"
593,346,"purple","39.8120584747888","-162.782608695652","-33.8823529411765","632","354"
593,339,"purple","41.7851648315524","-162.782608695652","-63.5294117647059","632","354"
593,339,"purple","41.7851648315524","-162.782608695652","-63.5294117647059","632","354"
593,346,"purple","39.8120584747888","-162.782608695652","-33.8823529411765","632","354"
593,346,"purple","39.8120584747888","-162.782608695652","-33.8823529411765","632","354"
605,346,"purple","28.1602556806574","-112.695652173913","-33.8823529411765","632","354"
593,346,"purple","39.8120584747888","-162.782608695652","-33.8823529411765","632","354"
594,360,"purple","38.4707681233427","-158.608695652174","25.4117647058824","632","354"
608,395,"magenta","38.0131556174964","-70.9565217391304","-144","625","429"
593,346,"purple","39.8120584747888","-162.782608695652","-33.8823529411765","632","354"
594,367,"purple","40.1621712560464","-158.608695652174","55.0588235294118","632","354"
607,381,"purple","36.7967389859482","-104.347826086957","114.352941176471","632","354"
595,381,"purple","45.8039299623951","-154.434782608696","114.352941176471","632","354"
608,395,"magenta","38.0131556174964","-70.9565217391304","-144","625","429"
606,367,"purple","29.0688837074973","-108.521739130435","55.0588235294118","632","354"
606,367,"purple","29.0688837074973","-108.521739130435","55.0588235294118","632","354"
594,360,"purple","38.4707681233427","-158.608695652174","25.4117647058824","632","354"
592,507,"yellow","36.2491379207837","-137.739130434783","-63.5294117647059","625","522"
597,500,"yellow","35.6089876295297","-116.869565217391","-93.1764705882353","625","522"
597,493,"yellow","40.3112887414927","-116.869565217391","-122.823529411765","625","522"
615,514,"yellow","12.8062484748657","-41.7391304347826","-33.8823529411765","625","522"
615,507,"yellow","18.0277563773199","-41.7391304347826","-63.5294117647059","625","522"
599,521,"yellow","26.0192236625154","-108.521739130435","-4.23529411764706","625","522"
616,521,"yellow","9.05538513813742","-37.5652173913043","-4.23529411764706","625","522"
599,521,"yellow","26.0192236625154","-108.521739130435","-4.23529411764706","625","522"
599,521,"yellow","26.0192236625154","-108.521739130435","-4.23529411764706","625","522"
599,521,"yellow","26.0192236625154","-108.521739130435","-4.23529411764706","625","522"
599,521,"yellow","26.0192236625154","-108.521739130435","-4.23529411764706","625","522"
616,521,"yellow","9.05538513813742","-37.5652173913043","-4.23529411764706","625","522"
615,514,"yellow","12.8062484748657","-41.7391304347826","-33.8823529411765","625","522"
644,521,"yellow","19.0262975904404","79.304347826087","-4.23529411764706","625","522"
465,479,"blue","54.2033209314706","-179.478260869565","-139.764705882353","508","512"
602,479,"yellow","48.7647413609464","-96","-182.117647058824","625","522"
615,514,"yellow","12.8062484748657","-41.7391304347826","-33.8823529411765","625","522"
616,521,"yellow","9.05538513813742","-37.5652173913043","-4.23529411764706","625","522"
615,514,"yellow","12.8062484748657","-41.7391304347826","-33.8823529411765","625","522"
599,521,"yellow","26.0192236625154","-108.521739130435","-4.23529411764706","625","522"
616,521,"yellow","9.05538513813742","-37.5652173913043","-4.23529411764706","625","522"
616,521,"yellow","9.05538513813742","-37.5652173913043","-4.23529411764706","625","522"
599,521,"yellow","26.0192236625154","-108.521739130435","-4.23529411764706","625","522"
616,521,"yellow","9.05538513813742","-37.5652173913043","-4.23529411764706","625","522"
616,521,"yellow","9.05538513813742","-37.5652173913043","-4.23529411764706","625","522"
616,521,"yellow","9.05538513813742","-37.5652173913043","-4.23529411764706","625","522"
616,521,"yellow","9.05538513813742","-37.5652173913043","-4.23529411764706","625","522"
616,521,"yellow","9.05538513813742","-37.5652173913043","-4.23529411764706","625","522"
615,507,"yellow","18.0277563773199","-41.7391304347826","-63.5294117647059","625","522"
615,514,"yellow","12.8062484748657","-41.7391304347826","-33.8823529411765","625","522"
615,507,"yellow","18.0277563773199","-41.7391304347826","-63.5294117647059","625","522"
615,507,"yellow","18.0277563773199","-41.7391304347826","-63.5294117647059","625","522"
615,507,"yellow","18.0277563773199","-41.7391304347826","-63.5294117647059","625","522"
615,507,"yellow","18.0277563773199","-41.7391304347826","-63.5294117647059","625","522"
615,507,"yellow","18.0277563773199","-41.7391304347826","-63.5294117647059","625","522"
615,507,"yellow","18.0277563773199","-41.7391304347826","-63.5294117647059","625","522"
598,514,"yellow","28.1602556806574","-112.695652173913","-33.8823529411765","625","522"
615,507,"yellow","18.0277563773199","-41.7391304347826","-63.5294117647059","625","522"
615,507,"yellow","18.0277563773199","-41.7391304347826","-63.5294117647059","625","522"
615,507,"yellow","18.0277563773199","-41.7391304347826","-63.5294117647059","625","522"
615,507,"yellow","18.0277563773199","-41.7391304347826","-63.5294117647059","625","522"
615,507,"yellow","18.0277563773199","-41.7391304347826","-63.5294117647059","625","522"
615,514,"yellow","12.8062484748657","-41.7391304347826","-33.8823529411765","625","522"
615,507,"yellow","18.0277563773199","-41.7391304347826","-63.5294117647059","625","522"
616,528,"yellow","10.816653826392","-37.5652173913043","25.4117647058824","625","522"
616,528,"yellow","10.816653826392","-37.5652173913043","25.4117647058824","625","522"
615,514,"yellow","12.8062484748657","-41.7391304347826","-33.8823529411765","625","522"
615,514,"yellow","12.8062484748657","-41.7391304347826","-33.8823529411765","625","522"
615,514,"yellow","12.8062484748657","-41.7391304347826","-33.8823529411765","625","522"
615,514,"yellow","12.8062484748657","-41.7391304347826","-33.8823529411765","625","522"
615,514,"yellow","12.8062484748657","-41.7391304347826","-33.8823529411765","625","522"
615,507,"yellow","18.0277563773199","-41.7391304347826","-63.5294117647059","625","522"
615,514,"yellow","12.8062484748657","-41.7391304347826","-33.8823529411765","625","522"
615,514,"yellow","12.8062484748657","-41.7391304347826","-33.8823529411765","625","522"
615,514,"yellow","12.8062484748657","-41.7391304347826","-33.8823529411765","625","522"
615,507,"yellow","18.0277563773199","-41.7391304347826","-63.5294117647059","625","522"
615,507,"yellow","18.0277563773199","-41.7391304347826","-63.5294117647059","625","522"
616,521,"yellow","9.05538513813742","-37.5652173913043","-4.23529411764706","625","522"
616,521,"yellow","9.05538513813742","-37.5652173913043","-4.23529411764706","625","522"
615,507,"yellow","18.0277563773199","-41.7391304347826","-63.5294117647059","625","522"
616,521,"yellow","9.05538513813742","-37.5652173913043","-4.23529411764706","625","522"
615,514,"yellow","12.8062484748657","-41.7391304347826","-33.8823529411765","625","522"
615,514,"yellow","12.8062484748657","-41.7391304347826","-33.8823529411765","625","522"
615,514,"yellow","12.8062484748657","-41.7391304347826","-33.8823529411765","625","522"
615,514,"yellow","12.8062484748657","-41.7391304347826","-33.8823529411765","625","522"
615,514,"yellow","12.8062484748657","-41.7391304347826","-33.8823529411765","625","522"
615,514,"yellow","12.8062484748657","-41.7391304347826","-33.8823529411765","625","522"
615,514,"yellow","12.8062484748657","-41.7391304347826","-33.8823529411765","625","522"
615,507,"yellow","18.0277563773199","-41.7391304347826","-63.5294117647059","625","522"
615,514,"yellow","12.8062484748657","-41.7391304347826","-33.8823529411765","625","522"
615,514,"yellow","12.8062484748657","-41.7391304347826","-33.8823529411765","625","522"
615,507,"yellow","18.0277563773199","-41.7391304347826","-63.5294117647059","625","522"
615,514,"yellow","12.8062484748657","-41.7391304347826","-33.8823529411765","625","522"
615,514,"yellow","12.8062484748657","-41.7391304347826","-33.8823529411765","625","522"
615,514,"yellow","12.8062484748657","-41.7391304347826","-33.8823529411765","625","522"
615,514,"yellow","12.8062484748657","-41.7391304347826","-33.8823529411765","625","522"
615,514,"yellow","12.8062484748657","-41.7391304347826","-33.8823529411765","625","522"
615,514,"yellow","12.8062484748657","-41.7391304347826","-33.8823529411765","625","522"
615,514,"yellow","12.8062484748657","-41.7391304347826","-33.8823529411765","625","522"
615,514,"yellow","12.8062484748657","-41.7391304347826","-33.8823529411765","625","522"
615,514,"yellow","12.8062484748657","-41.7391304347826","-33.8823529411765","625","522"
615,514,"yellow","12.8062484748657","-41.7391304347826","-33.8823529411765","625","522"
615,514,"yellow","12.8062484748657","-41.7391304347826","-33.8823529411765","625","522"
615,514,"yellow","12.8062484748657","-41.7391304347826","-33.8823529411765","625","522"
615,514,"yellow","12.8062484748657","-41.7391304347826","-33.8823529411765","625","522"
615,514,"yellow","12.8062484748657","-41.7391304347826","-33.8823529411765","625","522"
615,514,"yellow","12.8062484748657","-41.7391304347826","-33.8823529411765","625","522"
615,507,"yellow","18.0277563773199","-41.7391304347826","-63.5294117647059","625","522"
615,514,"yellow","12.8062484748657","-41.7391304347826","-33.8823529411765","625","522"
615,514,"yellow","12.8062484748657","-41.7391304347826","-33.8823529411765","625","522"
544,472,"blue","53.8144961882948","150.260869565217","-169.411764705882","508","512"
496,430,"green","23.0867927612304","-91.8260869565217","29.6470588235294","518","423"
496,430,"green","23.0867927612304","-91.8260869565217","29.6470588235294","518","423"
496,430,"green","23.0867927612304","-91.8260869565217","29.6470588235294","518","423"
496,430,"green","23.0867927612304","-91.8260869565217","29.6470588235294","518","423"
496,430,"green","23.0867927612304","-91.8260869565217","29.6470588235294","518","423"
496,430,"green","23.0867927612304","-91.8260869565217","29.6470588235294","518","423"
496,430,"green","23.0867927612304","-91.8260869565217","29.6470588235294","518","423"
496,430,"green","23.0867927612304","-91.8260869565217","29.6470588235294","518","423"
496,430,"green","23.0867927612304","-91.8260869565217","29.6470588235294","518","423"
496,430,"green","23.0867927612304","-91.8260869565217","29.6470588235294","518","423"
496,430,"green","23.0867927612304","-91.8260869565217","29.6470588235294","518","423"
519,437,"green","14.0356688476182","4.17391304347826","59.2941176470588","518","423"
495,416,"green","24.0416305603426","-96","-29.6470588235294","518","423"
495,416,"green","24.0416305603426","-96","-29.6470588235294","518","423"
490,437,"green","31.3049516849971","-116.869565217391","59.2941176470588","518","423"
496,430,"green","23.0867927612304","-91.8260869565217","29.6470588235294","518","423"
497,452,"green","35.8050275799363","-87.6521739130435","122.823529411765","518","423"
497,452,"green","35.8050275799363","-87.6521739130435","122.823529411765","518","423"
496,430,"green","23.0867927612304","-91.8260869565217","29.6470588235294","518","423"
497,445,"green","30.4138126514911","-87.6521739130435","93.1764705882353","518","423"
496,430,"green","23.0867927612304","-91.8260869565217","29.6470588235294","518","423"
496,430,"green","23.0867927612304","-91.8260869565217","29.6470588235294","518","423"
497,445,"green","30.4138126514911","-87.6521739130435","93.1764705882353","518","423"
496,430,"green","23.0867927612304","-91.8260869565217","29.6470588235294","518","423"
496,430,"green","23.0867927612304","-91.8260869565217","29.6470588235294","518","423"
496,430,"green","23.0867927612304","-91.8260869565217","29.6470588235294","518","423"
497,445,"green","30.4138126514911","-87.6521739130435","93.1764705882353","518","423"
496,430,"green","23.0867927612304","-91.8260869565217","29.6470588235294","518","423"
496,430,"green","23.0867927612304","-91.8260869565217","29.6470588235294","518","423"
496,430,"green","23.0867927612304","-91.8260869565217","29.6470588235294","518","423"
497,445,"green","30.4138126514911","-87.6521739130435","93.1764705882353","518","423"
497,445,"green","30.4138126514911","-87.6521739130435","93.1764705882353","518","423"
496,430,"green","23.0867927612304","-91.8260869565217","29.6470588235294","518","423"
496,430,"green","23.0867927612304","-91.8260869565217","29.6470588235294","518","423"
496,430,"green","23.0867927612304","-91.8260869565217","29.6470588235294","518","423"
496,430,"green","23.0867927612304","-91.8260869565217","29.6470588235294","518","423"
497,445,"green","30.4138126514911","-87.6521739130435","93.1764705882353","518","423"
497,445,"green","30.4138126514911","-87.6521739130435","93.1764705882353","518","423"
496,430,"green","23.0867927612304","-91.8260869565217","29.6470588235294","518","423"
496,430,"green","23.0867927612304","-91.8260869565217","29.6470588235294","518","423"
496,430,"green","23.0867927612304","-91.8260869565217","29.6470588235294","518","423"
496,430,"green","23.0867927612304","-91.8260869565217","29.6470588235294","518","423"
496,430,"green","23.0867927612304","-91.8260869565217","29.6470588235294","518","423"
497,445,"green","30.4138126514911","-87.6521739130435","93.1764705882353","518","423"
525,445,"green","23.0867927612304","29.2173913043478","93.1764705882353","518","423"
525,445,"green","23.0867927612304","29.2173913043478","93.1764705882353","518","423"
525,445,"green","23.0867927612304","29.2173913043478","93.1764705882353","518","423"
542,445,"green","32.5576411921994","100.173913043478","93.1764705882353","518","423"
496,430,"green","23.0867927612304","-91.8260869565217","29.6470588235294","518","423"
496,430,"green","23.0867927612304","-91.8260869565217","29.6470588235294","518","423"
497,445,"green","30.4138126514911","-87.6521739130435","93.1764705882353","518","423"
496,430,"green","23.0867927612304","-91.8260869565217","29.6470588235294","518","423"
497,445,"green","30.4138126514911","-87.6521739130435","93.1764705882353","518","423"
496,430,"green","23.0867927612304","-91.8260869565217","29.6470588235294","518","423"
497,445,"green","30.4138126514911","-87.6521739130435","93.1764705882353","518","423"
497,445,"green","30.4138126514911","-87.6521739130435","93.1764705882353","518","423"
496,430,"green","23.0867927612304","-91.8260869565217","29.6470588235294","518","423"
497,445,"green","30.4138126514911","-87.6521739130435","93.1764705882353","518","423"
497,445,"green","30.4138126514911","-87.6521739130435","93.1764705882353","518","423"
497,445,"green","30.4138126514911","-87.6521739130435","93.1764705882353","518","423"
497,445,"green","30.4138126514911","-87.6521739130435","93.1764705882353","518","423"
497,445,"green","30.4138126514911","-87.6521739130435","93.1764705882353","518","423"
497,445,"green","30.4138126514911","-87.6521739130435","93.1764705882353","518","423"
479,430,"green","39.6232255123179","-162.782608695652","29.6470588235294","518","423"
496,430,"green","23.0867927612304","-91.8260869565217","29.6470588235294","518","423"
496,430,"green","23.0867927612304","-91.8260869565217","29.6470588235294","518","423"
496,430,"green","23.0867927612304","-91.8260869565217","29.6470588235294","518","423"
496,430,"green","23.0867927612304","-91.8260869565217","29.6470588235294","518","423"
496,430,"green","23.0867927612304","-91.8260869565217","29.6470588235294","518","423"
496,430,"green","23.0867927612304","-91.8260869565217","29.6470588235294","518","423"
479,430,"green","39.6232255123179","-162.782608695652","29.6470588235294","518","423"
496,430,"green","23.0867927612304","-91.8260869565217","29.6470588235294","518","423"
496,430,"green","23.0867927612304","-91.8260869565217","29.6470588235294","518","423"
496,430,"green","23.0867927612304","-91.8260869565217","29.6470588235294","518","423"
496,430,"green","23.0867927612304","-91.8260869565217","29.6470588235294","518","423"
496,430,"green","23.0867927612304","-91.8260869565217","29.6470588235294","518","423"
496,430,"green","23.0867927612304","-91.8260869565217","29.6470588235294","518","423"
496,430,"green","23.0867927612304","-91.8260869565217","29.6470588235294","518","423"
496,430,"green","23.0867927612304","-91.8260869565217","29.6470588235294","518","423"
496,430,"green","23.0867927612304","-91.8260869565217","29.6470588235294","518","423"
496,430,"green","23.0867927612304","-91.8260869565217","29.6470588235294","518","423"
496,430,"green","23.0867927612304","-91.8260869565217","29.6470588235294","518","423"
496,430,"green","23.0867927612304","-91.8260869565217","29.6470588235294","518","423"
496,430,"green","23.0867927612304","-91.8260869565217","29.6470588235294","518","423"
496,430,"green","23.0867927612304","-91.8260869565217","29.6470588235294","518","423"
496,430,"green","23.0867927612304","-91.8260869565217","29.6470588235294","518","423"
496,430,"green","23.0867927612304","-91.8260869565217","29.6470588235294","518","423"
496,430,"green","23.0867927612304","-91.8260869565217","29.6470588235294","518","423"
679,430,"magenta","54.0092584655631","225.391304347826","4.23529411764706","625","429"
703,430,"brown","43.5660418215839","-179.478260869565","-29.6470588235294","746","437"
679,430,"magenta","54.0092584655631","225.391304347826","4.23529411764706","625","429"
710,445,"brown","36.8781778291715","-150.260869565217","33.8823529411765","746","437"
710,445,"brown","36.8781778291715","-150.260869565217","33.8823529411765","746","437"
710,445,"brown","36.8781778291715","-150.260869565217","33.8823529411765","746","437"
710,452,"brown","39","-150.260869565217","63.5294117647059","746","437"
710,452,"brown","39","-150.260869565217","63.5294117647059","746","437"
710,452,"brown","39","-150.260869565217","63.5294117647059","746","437"
710,445,"brown","36.8781778291715","-150.260869565217","33.8823529411765","746","437"
710,452,"brown","39","-150.260869565217","63.5294117647059","746","437"
710,452,"brown","39","-150.260869565217","63.5294117647059","746","437"
710,445,"brown","36.8781778291715","-150.260869565217","33.8823529411765","746","437"
722,452,"brown","28.3019433961698","-100.173913043478","63.5294117647059","746","437"
704,452,"brown","44.5982062419555","-175.304347826087","63.5294117647059","746","437"
720,416,"brown","33.4215499341368","-108.521739130435","-88.9411764705882","746","437"
720,423,"brown","29.5296461204668","-108.521739130435","-59.2941176470588","746","437"
710,445,"brown","36.8781778291715","-150.260869565217","33.8823529411765","746","437"
704,445,"brown","42.7551166528639","-175.304347826087","33.8823529411765","746","437"
733,445,"brown","15.2643375224737","-54.2608695652174","33.8823529411765","746","437"
727,445,"brown","20.6155281280883","-79.304347826087","33.8823529411765","746","437"
710,445,"brown","36.8781778291715","-150.260869565217","33.8823529411765","746","437"
710,445,"brown","36.8781778291715","-150.260869565217","33.8823529411765","746","437"
710,445,"brown","36.8781778291715","-150.260869565217","33.8823529411765","746","437"
710,445,"brown","36.8781778291715","-150.260869565217","33.8823529411765","746","437"
710,445,"brown","36.8781778291715","-150.260869565217","33.8823529411765","746","437"
733,445,"brown","15.2643375224737","-54.2608695652174","33.8823529411765","746","437"
710,452,"brown","39","-150.260869565217","63.5294117647059","746","437"
710,445,"brown","36.8781778291715","-150.260869565217","33.8823529411765","746","437"
710,452,"brown","39","-150.260869565217","63.5294117647059","746","437"
710,452,"brown","39","-150.260869565217","63.5294117647059","746","437"
710,445,"brown","36.8781778291715","-150.260869565217","33.8823529411765","746","437"
710,445,"brown","36.8781778291715","-150.260869565217","33.8823529411765","746","437"
710,445,"brown","36.8781778291715","-150.260869565217","33.8823529411765","746","437"
722,452,"brown","28.3019433961698","-100.173913043478","63.5294117647059","746","437"
710,452,"brown","39","-150.260869565217","63.5294117647059","746","437"
733,445,"brown","15.2643375224737","-54.2608695652174","33.8823529411765","746","437"
710,445,"brown","36.8781778291715","-150.260869565217","33.8823529411765","746","437"
710,452,"brown","39","-150.260869565217","63.5294117647059","746","437"
710,445,"brown","36.8781778291715","-150.260869565217","33.8823529411765","746","437"
710,445,"brown","36.8781778291715","-150.260869565217","33.8823529411765","746","437"
710,445,"brown","36.8781778291715","-150.260869565217","33.8823529411765","746","437"
710,452,"brown","39","-150.260869565217","63.5294117647059","746","437"
698,445,"brown","48.6621002423858","-200.347826086957","33.8823529411765","746","437"
680,445,"magenta","57.2800139664787","229.565217391304","67.7647058823529","625","429"
680,445,"magenta","57.2800139664787","229.565217391304","67.7647058823529","625","429"
680,445,"magenta","57.2800139664787","229.565217391304","67.7647058823529","625","429"
656,430,"magenta","31.0161248385416","129.391304347826","4.23529411764706","625","429"
680,445,"magenta","57.2800139664787","229.565217391304","67.7647058823529","625","429"
679,430,"magenta","54.0092584655631","225.391304347826","4.23529411764706","625","429"
680,445,"magenta","57.2800139664787","229.565217391304","67.7647058823529","625","429"
680,452,"magenta","59.6154342431555","229.565217391304","97.4117647058823","625","429"
680,445,"magenta","57.2800139664787","229.565217391304","67.7647058823529","625","429"
680,445,"magenta","57.2800139664787","229.565217391304","67.7647058823529","625","429"
680,445,"magenta","57.2800139664787","229.565217391304","67.7647058823529","625","429"
680,445,"magenta","57.2800139664787","229.565217391304","67.7647058823529","625","429"
680,445,"magenta","57.2800139664787","229.565217391304","67.7647058823529","625","429"
680,445,"magenta","57.2800139664787","229.565217391304","67.7647058823529","625","429"
679,430,"magenta","54.0092584655631","225.391304347826","4.23529411764706","625","429"
680,445,"magenta","57.2800139664787","229.565217391304","67.7647058823529","625","429"
680,445,"magenta","57.2800139664787","229.565217391304","67.7647058823529","625","429"
679,430,"magenta","54.0092584655631","225.391304347826","4.23529411764706","625","429"
680,445,"magenta","57.2800139664787","229.565217391304","67.7647058823529","625","429"
680,445,"magenta","57.2800139664787","229.565217391304","67.7647058823529","625","429"
657,445,"magenta","35.7770876399966","133.565217391304","67.7647058823529","625","429"
611,445,"magenta","21.2602916254693","-58.4347826086956","67.7647058823529","625","429"
617,445,"magenta","17.8885438199983","-33.3913043478261","67.7647058823529","625","429"
617,445,"magenta","17.8885438199983","-33.3913043478261","67.7647058823529","625","429"
610,430,"magenta","15.0332963783729","-62.6086956521739","4.23529411764706","625","429"
610,430,"magenta","15.0332963783729","-62.6086956521739","4.23529411764706","625","429"
611,445,"magenta","21.2602916254693","-58.4347826086956","67.7647058823529","625","429"
611,445,"magenta","21.2602916254693","-58.4347826086956","67.7647058823529","625","429"
611,445,"magenta","21.2602916254693","-58.4347826086956","67.7647058823529","625","429"
610,430,"magenta","15.0332963783729","-62.6086956521739","4.23529411764706","625","429"
611,445,"magenta","21.2602916254693","-58.4347826086956","67.7647058823529","625","429"
610,430,"magenta","15.0332963783729","-62.6086956521739","4.23529411764706","625","429"
611,445,"magenta","21.2602916254693","-58.4347826086956","67.7647058823529","625","429"
611,445,"magenta","21.2602916254693","-58.4347826086956","67.7647058823529","625","429"
617,445,"magenta","17.8885438199983","-33.3913043478261","67.7647058823529","625","429"
611,445,"magenta","21.2602916254693","-58.4347826086956","67.7647058823529","625","429"
617,445,"magenta","17.8885438199983","-33.3913043478261","67.7647058823529","625","429"
611,452,"magenta","26.9258240356725","-58.4347826086956","97.4117647058823","625","429"
611,445,"magenta","21.2602916254693","-58.4347826086956","67.7647058823529","625","429"
605,445,"magenta","25.6124969497314","-83.4782608695652","67.7647058823529","625","429"
640,445,"magenta","21.9317121994613","62.6086956521739","67.7647058823529","625","429"
596,395,"magenta","44.6878059430087","-121.04347826087","-144","625","429"
598,423,"magenta","27.6586333718787","-112.695652173913","-25.4117647058824","625","429"
588,452,"magenta","43.5660418215839","-154.434782608696","97.4117647058823","625","429"
610,430,"magenta","15.0332963783729","-62.6086956521739","4.23529411764706","625","429"
610,430,"magenta","15.0332963783729","-62.6086956521739","4.23529411764706","625","429"
611,445,"magenta","21.2602916254693","-58.4347826086956","67.7647058823529","625","429"
611,445,"magenta","21.2602916254693","-58.4347826086956","67.7647058823529","625","429"
616,430,"magenta","9.05538513813742","-37.5652173913043","4.23529411764706","625","429"
611,445,"magenta","21.2602916254693","-58.4347826086956","67.7647058823529","625","429"
611,445,"magenta","21.2602916254693","-58.4347826086956","67.7647058823529","625","429"
610,430,"magenta","15.0332963783729","-62.6086956521739","4.23529411764706","625","429"
610,430,"magenta","15.0332963783729","-62.6086956521739","4.23529411764706","625","429"
610,430,"magenta","15.0332963783729","-62.6086956521739","4.23529411764706","625","429"
610,430,"magenta","15.0332963783729","-62.6086956521739","4.23529411764706","625","429"
600,452,"magenta","33.9705755029261","-104.347826086957","97.4117647058823","625","429"
634,445,"magenta","18.3575597506858","37.5652173913043","67.7647058823529","625","429"
617,445,"magenta","17.8885438199983","-33.3913043478261","67.7647058823529","625","429"
610,430,"magenta","15.0332963783729","-62.6086956521739","4.23529411764706","625","429"
617,445,"magenta","17.8885438199983","-33.3913043478261","67.7647058823529","625","429"
610,430,"magenta","15.0332963783729","-62.6086956521739","4.23529411764706","625","429"
616,430,"magenta","9.05538513813742","-37.5652173913043","4.23529411764706","625","429"
611,445,"magenta","21.2602916254693","-58.4347826086956","67.7647058823529","625","429"
617,445,"magenta","17.8885438199983","-33.3913043478261","67.7647058823529","625","429"
616,430,"magenta","9.05538513813742","-37.5652173913043","4.23529411764706","625","429"
616,430,"magenta","9.05538513813742","-37.5652173913043","4.23529411764706","625","429"
617,445,"magenta","17.8885438199983","-33.3913043478261","67.7647058823529","625","429"
611,445,"magenta","21.2602916254693","-58.4347826086956","67.7647058823529","625","429"
610,430,"magenta","15.0332963783729","-62.6086956521739","4.23529411764706","625","429"
616,430,"magenta","9.05538513813742","-37.5652173913043","4.23529411764706","625","429"
